Title,Artists,Song URL
Daylight,David Kushner,https://open.spotify.com/track/1odExI7RdWc4BT515LTAwj
Acróstico,Shakira,https://open.spotify.com/track/7txjUEY6McJDJKqIo1Rxjp
Say Yes To Heaven,Lana Del Rey,https://open.spotify.com/track/6GGtHZgBycCgGBUhZo81xe
Here With Me,d4vd,https://open.spotify.com/track/78Sw5GDo6AlGwTwanjXbGh
People,Libianca,https://open.spotify.com/track/26b3oVLrRUaaybJulow9kz
golden hour,JVKE,https://open.spotify.com/track/5odlY52u43F5BjByhxg7wg
Until I Found You (with Em Beihold) - Em Beihold Version,"Stephen Sanchez, Em Beihold",https://open.spotify.com/track/1Y3LN4zO1Edc2EluIoSPJN
Snow On The Beach (feat. More Lana Del Rey),"Taylor Swift, Lana Del Rey",https://open.spotify.com/track/4zmKGsrXjLmljb5fTaBTot
Tak Segampang Itu,Anggi Marito,https://open.spotify.com/track/26cvTWJq2E1QqN4jyH2OTU
Abcdario,"Eden Muñoz, Junior H",https://open.spotify.com/track/0qCPD6ilr9nXkI4KVZgcns
Those Eyes,New West,https://open.spotify.com/track/50x1Ic8CaXkYNvjmxe3WXy
Romantic Homicide,d4vd,https://open.spotify.com/track/1xK59OXxi2TAAAbmZK0kBL
Night Changes,One Direction,https://open.spotify.com/track/5O2P9iiztwhomNh8xkR9lJ
Someone You Loved,Lewis Capaldi,https://open.spotify.com/track/7qEHsqek33rTcFNT9PFqLf
lovely (with Khalid),"Billie Eilish, Khalid",https://open.spotify.com/track/0u2P5u6lvoDfwTYjAADbn4
Midnight Rain,Taylor Swift,https://open.spotify.com/track/3rWDp9tBPQR9z6U5YyRSK4
Until I Found You,Stephen Sanchez,https://open.spotify.com/track/6VhuP99TE6gYNQRJIlAWFD
ceilings,Lizzy McAlpine,https://open.spotify.com/track/2L9N0zZnd37dwF0clgxMGI
Easy On Me,Adele,https://open.spotify.com/track/46IZ0fSY2mpAiktS3KOqds
Glimpse of Us,Joji,https://open.spotify.com/track/4ewazQLXFTDC8XvCbhvtXs
Sial,Mahalini,https://open.spotify.com/track/6dXiWwFrcGieqnoLYzPNp5
When I Was Your Man,Bruno Mars,https://open.spotify.com/track/0B7wvvmu9EISAwZnOpjhNI
METAMORPHOSIS,INTERWORLD,https://open.spotify.com/track/2ksyzVfU0WJoBpu8otr4pz
Shut up My Moms Calling,Hotel Ugly,https://open.spotify.com/track/3hxIUxnT27p5WcmjGUXNwx
Lover,Taylor Swift,https://open.spotify.com/track/1dGr1c8CrMLDpV6mPbImSI
Say You Won't Let Go,James Arthur,https://open.spotify.com/track/5uCax9HTNlzGybIStD3vDh
The Night We Met,Lord Huron,https://open.spotify.com/track/3hRV0jL3vUpRrcy398teAU
Snow On The Beach (feat. Lana Del Rey),"Taylor Swift, Lana Del Rey",https://open.spotify.com/track/1wtOxkiel43cVs0Yux5Q4h
Never Felt So Alone,Labrinth,https://open.spotify.com/track/6unndO70DvZfnXYcYQMyQJ
Pink + White,Frank Ocean,https://open.spotify.com/track/3xKsf9qdS1CyvXSMEid6g8
Say Yes To Heaven - Sped Up,Lana Del Rey,https://open.spotify.com/track/2f5WkystuejnBzgV18GTGa
hotline (edit),Billie Eilish,https://open.spotify.com/track/0WFryfbNKPXVtVQlz5dZ8H
Something in the Orange,Zach Bryan,https://open.spotify.com/track/3WMj8moIAXJhHsyLaqIIHI
Peaches,Jack Black,https://open.spotify.com/track/4w9soAM7IrmYDhSXLp14p6
Boat,Ed Sheeran,https://open.spotify.com/track/6jemILri7l5LuPhKs2nuXr
Heather,Conan Gray,https://open.spotify.com/track/4xqrdfXkTW4T0RauPLv3WA
The Alcott (feat. Taylor Swift),"The tiol, Taylor Swift",https://open.spotify.com/track/6INztpNwOTlfSKTuPo0HOP
Revenge,XXXTENTACION,https://open.spotify.com/track/5TXDeTFVRVY7Cvt0Dw4vWW
Interlude : Dawn,Agust D,https://open.spotify.com/track/56tf3cHQkwmvoplotk5QXd
Always,Daniel Caesar,https://open.spotify.com/track/2LlOeW5rVcvl3QcPNPcDus
Heart To Heart,Mac DeMarco,https://open.spotify.com/track/7EAMXbLcL0qXmciM5SwMh2
Sem Aliança no Dedo,"MC Xenon, Os Gemeos da Putaria",https://open.spotify.com/track/22sAwsBH0NoNJXnrBenQuO
THE CONTORTIONIST,Melanie Martinez,https://open.spotify.com/track/19SwuhO0bMiAcg2kyJydmj
TUNNEL VISION,Melanie Martinez,https://open.spotify.com/track/183WuVX0zsr0dHydHkKtGQ
A&W,Lana Del Rey,https://open.spotify.com/track/5nW4z3pfZgJAJ2QTCz9AIE
Interlude : Dive,Jimin,https://open.spotify.com/track/2qg2jy3v50RwfV5FAqG3a2
Candy Necklace (feat. Jon Batiste),"La Del Rey, Jon Batiste",https://open.spotify.com/track/3MlEryrxCKZkcfX18ZLX96
Did you know that there's a tunnel under Ocean Blvd,Lana Del Rey,https://open.spotify.com/track/0HEzuLLojblUOaUSdmJ9gl
"Paris, Texas (feat. SYML)","La Del Rey, SYML",https://open.spotify.com/track/0Oqxt6JixieLHbwMfnJGWO
PROMESA,"ROSALÍA, Rauw Alejandro",https://open.spotify.com/track/75rqqKvzJCGv2oq9C4yFDt
Sweet,Lana Del Rey,https://open.spotify.com/track/6x8g6DxglrzCSwKhv2Q1ee
The Grants,Lana Del Rey,https://open.spotify.com/track/3KbOflJ5JqHWtmco4PiO3h
Kahani Suno 2.0,Kaifi Khalil,https://open.spotify.com/track/4VsP4Dm8gsibRxB5I2hEkw
Promise,Jimin,https://open.spotify.com/track/2RUcwyW74Sv4VracHFrKdh
VISTA AL MAR,Quevedo,https://open.spotify.com/track/5q86iSKkBtOoNkdgEDY5WV
Safe & Sound (feat. Joy Williams and John Paul White) (Taylor's Version),"Taylor Swift, Joy Williams, John Paul White",https://open.spotify.com/track/2RJnNdu4pb3MypbBroHU0T
Nobody Gets Me,SZA,https://open.spotify.com/track/5Y35SjAfXjjG0sFQ3KOxmm
Love Again,The Kid LAROI,https://open.spotify.com/track/4sx6NRwL6Ol3V6m9exwGlQ
Lift Me Up - From Black Panther: Wakanda Forever - Music From and Inspired By,Rihanna,https://open.spotify.com/track/6sCvvleqKbeyOkQDieBYgp
Glue Song,beabadoobee,https://open.spotify.com/track/3iBgrkexCzVuPy4O9vx7Mf
Stay,"Rihanna, Mikky Ekko",https://open.spotify.com/track/789CxjEOtO76BVD1A9yJQH
All of Me,John Legend,https://open.spotify.com/track/3U4isOIWM3VvDubwSI3y7a
TV,Billie Eilish,https://open.spotify.com/track/3GYlZ7tbxLOxe6ewMNVTkw
Die For You,Joji,https://open.spotify.com/track/26hOm7dTtBi0TdpDGl141t
Dream On,Aerosmith,https://open.spotify.com/track/3tAQNhm1o0kzldsI5QkrB1
Evergreen (You Didn't Deserve Me At All),Omar Apollo,https://open.spotify.com/track/2TktkzfozZifbQhXjT6I33
Dawns (feat. Maggie Rogers),"Zach Bryan, Maggie Rogers",https://open.spotify.com/track/42TtHTxWk782ZBiqyOi2d1
Running Up That Hill (A Deal With God),Kate Bush,https://open.spotify.com/track/75FEaRjZTKLhTrFGsfMUXR
Blind,SZA,https://open.spotify.com/track/2CSRrnOEELmhpq8iaAi9cd
Kesariya,"Pritam, Arijit Singh, Amitabh Bhattacharya",https://open.spotify.com/track/4UMIv5jd9gK98a39BQRD9X
drivers license,Olivia Rodrigo,https://open.spotify.com/track/5wANPM4fQCJwkGd4rN57mH
Memories,Maroon 5,https://open.spotify.com/track/4cktbXiXOapiLBMprHFErI
Shallow,"Lady Gaga, Bradley Cooper",https://open.spotify.com/track/2VxeLyX666F8uXCJ0dZF8B
Wrecking Ball,Miley Cyrus,https://open.spotify.com/track/2vwlzO0Qp8kfEtzTsCXfyE
Stay With Me,Sam Smith,https://open.spotify.com/track/5MxWTfmlmRDx6VZHvB9xV8
Snow On The Beach (feat. La Del Rey),"Taylor Swift, La Del Rey",https://open.spotify.com/track/1wtOxkiel43cVs0Yux5Q4h
Bohemian Rhapsody - Remastered 2011,Queen,https://open.spotify.com/track/4u7EnebtmKWzUH433cf5Qv
Happy New Year,ABBA,https://open.spotify.com/track/4AsvGVDWs16fqIiIdDzyvX
It's Beginning to Look a Lot like Christmas,Michael Bublé,https://open.spotify.com/track/1rv46mRwDqMEhOBZ7vODg3
It's the Most Wonderful Time of the Year,Andy Williams,https://open.spotify.com/track/1IcR6RlgvDczfvoWJSSY2A
Rockin' Around The Christmas Tree,Brenda Lee,https://open.spotify.com/track/2EjXfH91m7f8HiJN1yQg97
A Holly Jolly Christmas,Burl Ives,https://open.spotify.com/track/77khP2fIVhSW23NwxrRluh
Blue Christmas,Elvis Presley,https://open.spotify.com/track/3QiAAp20rPC3dcAtKtMaqQ
Deck The Hall,Nat King Cole,https://open.spotify.com/track/0rHToGels2lt8Y0mCYoF90
Deck The Halls,Nat King Cole,https://open.spotify.com/track/0rHToGels2lt8Y0mCYoF90
Have Yourself A Merry Little Christmas - Remastered 1999,Frank Sitra,https://open.spotify.com/track/2FPfeYlrbSBR8PwCU0zaqq
Holly Jolly Christmas,Michael Bublé,https://open.spotify.com/track/6tjituizSxwSmBB5vtgHZE
Jingle Bells - Remastered 1999,Frank Sitra,https://open.spotify.com/track/4HEOgBHRCExyYVeTyrXsnL
Let It Snow! Let It Snow! Let It Snow!,Dean Martin,https://open.spotify.com/track/2uFaJJtFpPDc5Pa95XzTvg
Let It Snow! Let It Snow! Let It Snow! (with The B. Swanson Quartet),"Frank Sinatra, B. Swanson Quartet",https://open.spotify.com/track/4kKdvXD0ez7jp1296JmAts
Please Come Home for Christmas - 2013 Remaster,Eagles,https://open.spotify.com/track/3QIoEi8Enr9uHffwInGIsC
Thank God It's Christmas - Non-Album Single,Queen,https://open.spotify.com/track/2xGO2UjzxeVQSIkyg98vck
The Christmas Song (Merry Christmas To You),Nat King Cole,https://open.spotify.com/track/4PS1e8f2LvuTFgUs1Cn3ON
White Christmas,"Bing Crosby, Ken Darby Singers, John Scott Trotter & His Orchestra",https://open.spotify.com/track/4so0Wek9Ig1p6CRCHuINwW
(There's No Place Like) Home for the Holidays - 1959 Version,Perry Como,https://open.spotify.com/track/0hvN2v6fAcB6xWyW7UaooA
"A Holly Jolly Christmas - From ""Rudolph The Red-Nosed Reindeer"" Soundtrack",Burl Ives,https://open.spotify.com/track/7MOBQpfxrtjPu5hYT21yaG
Baby It's Cold Outside (duet with Michael Bublé),Idina Menzel,https://open.spotify.com/track/0Ie5uiv54KgCr7P4sYDTHl
Baby It's Cold Outside (with Michael Bublé),"Idina Menzel, Michael Bublé",https://open.spotify.com/track/0Ie5uiv54KgCr7P4sYDTHl
"Baby, It's Cold Outside",Dean Martin,https://open.spotify.com/track/4MrfQL4TYQXJBlZYpAHTuE
"Baby, It's Cold Outside (feat. Meghan Trainor)",Brett Eldredge,https://open.spotify.com/track/5Q2P43CJra0uRAogjHyJDK
"Baby, It's Cold Outside (feat. Meghan Trainor)","Brett Eldredge, Meghan Trainor",https://open.spotify.com/track/5Q2P43CJra0uRAogjHyJDK
Carol of the Bells,"Mykola Dmytrovych Leontovych, John Williams",https://open.spotify.com/track/4tHqQMWSqmL6YjXwsqthDI
"Caroling, Caroling",Nat King Cole,https://open.spotify.com/track/11Z7sdkpC5IaaydoIvDn74
Christmas Time Is Here,Vince Guaraldi Trio,https://open.spotify.com/track/3bMfUUpzUzqWp9II00yRhE
Cool Yule,"Louis Armstrong, The Commanders",https://open.spotify.com/track/33GkcZ89Aj254FaJoFwCl9
"Cuddle Up, Cozy Down Christmas","Dolly Parton, Michael Bublé",https://open.spotify.com/track/6SvzJUQd3FnuOJI1KWl9hq
Do You Hear What I Hear?,Bing Crosby,https://open.spotify.com/track/4EZUcj7c8n9pWIwHqN0DoH
Do You Hear What I Hear? - Remastered 2006,Bing Crosby,https://open.spotify.com/track/4EZUcj7c8n9pWIwHqN0DoH
God Rest Ye Merry Gentlemen,Bing Crosby,https://open.spotify.com/track/6Uekkm0MOVT4WznQy0ktVR
Hallelujah,Pentatonix,https://open.spotify.com/track/550rQQCGkrTzvp4SfpOPzx
Happy Holiday / The Holiday Season,Andy Williams,https://open.spotify.com/track/1Wf14bTyb6UeKojy8ykPYm
Have Yourself A Merry Little Christmas,Sam Smith,https://open.spotify.com/track/1Qi2wh8fFgDV7tl4Sj3f2K
Have Yourself A Merry Little Christmas,Judy Garland,https://open.spotify.com/track/1fEo7EnPl1LEn0CAy1xPL5
Have Yourself a Merry Little Christmas,Michael Bublé,https://open.spotify.com/track/1DnSNqCQM3LUxqFuXt184Q
Here Comes Santa Claus (Right Down Santa Claus Lane),Elvis Presley,https://open.spotify.com/track/7n7VsX3sv66znBwA8b5uhp
I Want a Hippopotamus for Christmas (Hippo the Hero),Gayla Peevey,https://open.spotify.com/track/5P8Xvy5tzhmfyfA6GplQ8h
I'll Be Home,Meghan Trainor,https://open.spotify.com/track/0lTurWECr2XL607eJAj1A3
I'll Be Home for Christmas,Michael Bublé,https://open.spotify.com/track/0tXPhc8LvM4dPvoRwI66XQ
I'll Be Home For Christmas - Single Version,Bing Crosby,https://open.spotify.com/track/1fjOitI0vZ41P63p1MQLcc
It's Beginning To Look A Lot Like Christmas,Bing Crosby,https://open.spotify.com/track/1uh1iaMqBdx4XyrXhssKGD
It's Beginning to Look Like Christmas,Johnny Mathis,https://open.spotify.com/track/4jwZZX8J8eN3w0FOK4FCI3
Joy To The World,Nat King Cole,https://open.spotify.com/track/1VuAamHM7P3VQQEXYGG3Uu
Let It Snow! - 10th Anniversary,Michael Bublé,https://open.spotify.com/track/2EmEXCi8ue7p5Xqmqz10kW
Linus And Lucy,Vince Guaraldi Trio,https://open.spotify.com/track/33EcmYsTQVIGRGnGPOfTwu
Lonely This Christmas,Mud,https://open.spotify.com/track/5DMItYJluCFc7YtFdP4aXo
Mele Kalikimaka - Single Version,"Bing Crosby, The Andrews Sisters",https://open.spotify.com/track/1GQ3cCJMAhLqWARyVZWxnO
Merry Christmas Baby,Otis Redding,https://open.spotify.com/track/4STCTQ1h0VuWfvDyhGOxkv
Merry Christmas Darling - Remix,Carpenters,https://open.spotify.com/track/0z5HSQGWgnjdNvwbOmhB2w
Mistletoe And Holly - Remastered 1999,Frank Sitra,https://open.spotify.com/track/7faDzZnZYqTyYThx2sbHVQ
Mistletoe and Wine,Cliff Richard,https://open.spotify.com/track/3AgiRs3oxc2dFh0CPUHXJs
O Come All Ye Faithful,Nat King Cole,https://open.spotify.com/track/0H1zX27yxoDrsrQA1hk5Uq
O Tannenbaum,Vince Guaraldi Trio,https://open.spotify.com/track/4YhY2qHdBmSX33uj8ms0oq
Rudolph The Red-Nosed Reindeer,Dean Martin,https://open.spotify.com/track/2L9QLAhrvtP4EYg1lY0Tnw
Rudolph The Red-Nosed Reindeer,Burl Ives,https://open.spotify.com/track/47otoIkhx3fkdivEXL5OB6
Rudolph the Red-Nosed Reindeer,Gene Autry,https://open.spotify.com/track/1dtIaSlyrLI04sqYa8nLyN
Santa Baby (with Henri René & His Orchestra),"Eartha Kitt, Henri Rene & His Orchestra",https://open.spotify.com/track/1foCxQtxBweJtZmdxhEHVO
Santa Baby (with Henri René & His Orchestra),"Eartha Kitt, Henri René and His Orchestra",https://open.spotify.com/track/1foCxQtxBweJtZmdxhEHVO
Santa Claus Is Comin' to Town,Frank Sitra,https://open.spotify.com/track/6YeDjSHCDmJKgU8foiaruL
Santa Claus Is Coming to Town,Michael Bublé,https://open.spotify.com/track/5Ber68jZ7ytegr2UISEdb7
Silent Night - 1999 Remaster,Frank Sitra,https://open.spotify.com/track/5yNgdD8E6WruhULb4n2Con
Silver Bells,Dean Martin,https://open.spotify.com/track/4QX5pZQpQTgVlkqfUTDim0
Silver Bells,"Bing Crosby, Carol Richards",https://open.spotify.com/track/7ehhnVu3JUWMaSJzY1zC4k
Sleigh Ride,Ella Fitzgerald,https://open.spotify.com/track/4ukUoXLuFzMixyZyabSGc4
Someday At Christmas,Stevie Wonder,https://open.spotify.com/track/2X5noCM9Klrm4zXfyyPdRN
The Christmas Song (Chestnuts Roasting On An Open Fire),"Justin Bieber, Usher",https://open.spotify.com/track/3eYnKe0LhQA1B5HEkQaRTP
When a Child Is Born,Johnny Mathis,https://open.spotify.com/track/39CZ2qjYxtqUdTh8mqwqzy
Winter Wonderland,Tony Bennett,https://open.spotify.com/track/1yxcKrEcxt4O03IIC25yHk
Winter Wonderland - Remastered,Bing Crosby,https://open.spotify.com/track/3pdQTWpq09XCBosbTtYIiZ
All I Want (For Christmas),Liam Payne,https://open.spotify.com/track/0JM8LI4HxrQs2Reqr2naYo
All I Want for Christmas Is You,Michael Bublé,https://open.spotify.com/track/0xPaZrF25ltzvz1a2Pm5DQ
The Christmas Song (Shawn Mendes & Camila Cabello),Shawn Mendes,https://open.spotify.com/track/66VenHDtrQAw7FCjyF2J56
The Christmas Song (Shawn Mendes & Camila Cabello),"Shawn Mendes, Camila Cabello",https://open.spotify.com/track/66VenHDtrQAw7FCjyF2J56
Love Language,SZA,https://open.spotify.com/track/1eIXYZWEfJO3Na2LCCnIJE
Ghost in the Machine (feat. Phoebe Bridgers),"SZA, Phoebe Bridgers",https://open.spotify.com/track/4h5x3XHLVYFJaItKuO2rhy
Open Arms (feat. Travis Scott),"SZA, Travis Scott",https://open.spotify.com/track/6koKhrBBcExADvWuOgceNZ
SOS,SZA,https://open.spotify.com/track/5xMw6qCcpd2gBXPGTegC4W
Special,SZA,https://open.spotify.com/track/6RQ5IwG7uADz9LDWliJGjU
Gone Girl,SZA,https://open.spotify.com/track/2Sjx8DWZO5zaTyTAmgo2gY
I Hate U,SZA,https://open.spotify.com/track/2aJnyNu4PQxQ2lyj5boiMG
Far,SZA,https://open.spotify.com/track/74NI58MQexwZjNu1Gu6GjT
On Time (with John Legend),"Metro Boomin, John Legend",https://open.spotify.com/track/0YFqKxV9uNu6LUeYkLOKRS
Happier Than Ever,Billie Eilish,https://open.spotify.com/track/4RVwu0g32PAqgUiJoXsdF8
traitor,Olivia Rodrigo,https://open.spotify.com/track/5CZ40GBx1sQ9agT82CLQCT
Evergreen (You Didn’t Deserve Me At All),Omar Apollo,https://open.spotify.com/track/2TktkzfozZifbQhXjT6I33
Mastermind,Taylor Swift,https://open.spotify.com/track/7FmYn9e7KHMXcxqGSj9LjH
Labyrinth,Taylor Swift,https://open.spotify.com/track/0A1JLUlkZkp2EFrosoNQi0
Sweet Nothing,Taylor Swift,https://open.spotify.com/track/0wavGRldH0AWyu2zvTz8zb
Jingle Bells - Remastered 1999,Frank Sinatra,https://open.spotify.com/track/4HEOgBHRCExyYVeTyrXsnL
Con La Brisa,"Foudeqush, Ludwig Göransson",https://open.spotify.com/track/2LSsSV7V33wM9EKQA2xjGS
My Mind & Me,Selena Gomez,https://open.spotify.com/track/0XER3HPMx223xWaAgNKp4Y
Bigger Than The Whole Sky,Taylor Swift,https://open.spotify.com/track/3jzbpOzoYa22FvzBkNkLvC
Hours In Silence,"Drake, 21 Savage",https://open.spotify.com/track/0sSRLXxknVTQDStgU1NqpY
Born Again,Rihanna,https://open.spotify.com/track/18zQTt3ifDv6iLni2YuXMg
we fell in love in october,girl in red,https://open.spotify.com/track/6IPwKM3fUUzlElbvKw2sKl
I Guess It’s Fuck Me,Drake,https://open.spotify.com/track/31bsuKDOzFGzBAoXxtnAJm
High Infidelity,Taylor Swift,https://open.spotify.com/track/4356PL6jkERzJouVfQQkZo
Before The Day Is Over,Joji,https://open.spotify.com/track/7zBscbZUCr4jEABrfV9g03
NIGHT RIDER,Joji,https://open.spotify.com/track/1c39AwcrkN9srI7Az5662I
1AM FREESTYLE,Joji,https://open.spotify.com/track/0FqBNLXlTNimxmVRdDMj6b
Dissolve,Joji,https://open.spotify.com/track/4DYKah8mcZf0O4l9Gt7woU
BIENVENIDA AL PARAÍSO,Mora,https://open.spotify.com/track/6v3fbkLKRH6jsa6dho9ocx
EIVISSA,"Mora, Danny Ocean",https://open.spotify.com/track/3kcj2zzabr8qnR4MnMeWv2
Dear Reader,Taylor Swift,https://open.spotify.com/track/7lFNXsbcbds699xCWO3pSe
Static,Steve Lacy,https://open.spotify.com/track/4OmfWzukSVD140NiAIEjem
Sparks,Coldplay,https://open.spotify.com/track/7D0RhFcb3CrfPuTJ0obrod
This Is Halloween - Soundtrack,The Citizens of Halloween,https://open.spotify.com/track/4a9RlnJ0v1T7HgLtps1HvI
I Put a Spell On You,Screamin' Jay Hawkins,https://open.spotify.com/track/3sLhMSePzxSrmxluIqeoAZ
Lift Me Up - Instrumental,Rihanna,https://open.spotify.com/track/1Jb0BvBueT6TBcZKIRWoJ6
Yours,JIN,https://open.spotify.com/track/66sBTYlkaiyBwf4fhbIHlZ
august,Taylor Swift,https://open.spotify.com/track/3hUxzQpSfdDqwM3ZTFQY0K
deja vu,Olivia Rodrigo,https://open.spotify.com/track/6HU7h9RYOaPRFeh0R3UeAr
Body Paint,Arctic Monkeys,https://open.spotify.com/track/7A7FsIDnBMnz1PAnSOxUdh
I Ain't Quite Where I Think I Am,Arctic Monkeys,https://open.spotify.com/track/1UwUhKmFxGKs59xiWO60Sx
There'd Better Be A Mirrorball,Arctic Monkeys,https://open.spotify.com/track/1zx6GSqLYI2ynzAHnPRKBR
Big Ideas,Arctic Monkeys,https://open.spotify.com/track/4KPi4VNvPOfKqIp1sx19Xf
Hello You,Arctic Monkeys,https://open.spotify.com/track/5ygEUpyZy5qtZ1423zymBW
Jet Skis On The Moat,Arctic Monkeys,https://open.spotify.com/track/2HReNSxrMRcJ0cYMzKAJK6
Sculptures Of Anything Goes,Arctic Monkeys,https://open.spotify.com/track/5hljqZrl0h7RcIhUnOPuve
The Car,Arctic Monkeys,https://open.spotify.com/track/0C6dSPCqwKqwos6s1CrDrh
Forever (feat. Fridayy),"Lil Baby, Fridayy",https://open.spotify.com/track/1T4k0sw0HldDg004Kw4Oct
Hotel,Montell Fish,https://open.spotify.com/track/0JzG1wJuB4v9UPkSE7LMXi
"Kesariya (From ""Brahmastra"")","Pritam, Arijit Singh, Amitabh Bhattacharya",https://open.spotify.com/track/6VBhH7CyP56BXjp8VsDFPZ
Belki,"Dedublüman, Mavzer Tabancas",https://open.spotify.com/track/5ATwkalJ9FnLp7Zcvxo1rl
The Scientist,Coldplay,https://open.spotify.com/track/75JFxkI2RXiU7L9VXzMkle
The Happiest Girl,BLACKPINK,https://open.spotify.com/track/7AdGloF1UHKe1vAZPbqIXH
happier,Olivia Rodrigo,https://open.spotify.com/track/2tGvwE8GcFKwNdAXMnlbfl
everything i wanted,Billie Eilish,https://open.spotify.com/track/3ZCTVFBt2Brf31RLEnCkWJ
Matilda,Harry Styles,https://open.spotify.com/track/6uvh0In7u1Xn4HgxOfAn8O
Un Verano Sin Ti,Bad Bunny,https://open.spotify.com/track/18HOjcvTVV7W8YzBuOsAPS
The 30th,Billie Eilish,https://open.spotify.com/track/5SHpuW2qjkQtFRpE6P9Nks
SLOW DANCING IN THE DARK,Joji,https://open.spotify.com/track/0rKtyWc8bvkriBthvHKY8d
Heartbreak Anniversary,Giveon,https://open.spotify.com/track/3FAJ6O0NOHQV8Mc5Ri6ENp
LOOSE CHANGE,Brent Faiyaz,https://open.spotify.com/track/00imgaPlYRrMGn9o83hfmk
DEAD MAN WALKING,Brent Faiyaz,https://open.spotify.com/track/2c2tlXfEmLgUNvxngIi1qL
GHETTO GATSBY (FEAT. ALICIA KEYS),"Brent Faiyaz, Alicia Keys",https://open.spotify.com/track/2krESug6AyfOL07tlaGwts
HEAL YOUR HEART (INTERLUDE),Brent Faiyaz,https://open.spotify.com/track/6MF5JoJYj5uK07Si6fRAPM
PRICE OF FAME,Brent Faiyaz,https://open.spotify.com/track/4xKQtLZn8m2d2KJy13ZujE
ROLLING STONE,Brent Faiyaz,https://open.spotify.com/track/0e0JshRej2NwT7jahEmv52
VILLAIN'S THEME,Brent Faiyaz,https://open.spotify.com/track/4lfAwGFU3Zo2ZruXzRG8tw
Little Freak,Harry Styles,https://open.spotify.com/track/3i058E8uxTsYqJ5NWZzqSj
Love Of My Life,Harry Styles,https://open.spotify.com/track/1mw0RgNXIpYRyyCdBQbLgA
favorite crime,Olivia Rodrigo,https://open.spotify.com/track/5JCoSi02qi3jJeHdZXMmR8
Tak Ingin Usai,Keisya Levronka,https://open.spotify.com/track/1b0aDgrG775i4sPQgJGmkU
Caroli - From The Motion Picture â€œWhere The Crawdads Singâ€,Taylor Swift,https://open.spotify.com/track/4axSuOg3BqsowKjRpj59RU
Calling My me,Drake,https://open.spotify.com/track/7sT7kZEYd1MrmzLLIRVZas
A Keeper,Drake,https://open.spotify.com/track/0nAZGkBGKQCXyaoSJfRhC1
Flight's Booked,Drake,https://open.spotify.com/track/23Z3bbYcl1PdcPJemLa4zc
Overdrive,Drake,https://open.spotify.com/track/1MJHXJ8bdoynpEtCLCbkWf
Down Hill,Drake,https://open.spotify.com/track/0PKpNkxX3FkcfgxCQUXXds
Intro,Drake,https://open.spotify.com/track/5lVmzrKaqPpPYtF7udoiNq
Boyfriends,Harry Styles,https://open.spotify.com/track/6qj02zSeEJGWZ4c0dn5QzJ
Hope,XXXTENTACION,https://open.spotify.com/track/2ZRo7axmMPeSVUvDbGkJah
Intro: Singularity,BTS,https://open.spotify.com/track/5rNZsITjXf23iFkRA924FV
Reputation,Post Malone,https://open.spotify.com/track/67dU06KGaJHLLlo5Y5bkD2
Wasting Angels (with The Kid LAROI),"Post Malone, The Kid LAROI",https://open.spotify.com/track/2OcSE0EXzgUuqkM1NIJPHJ
San Lucas,Kevin Kaarl,https://open.spotify.com/track/75UMtPC77vqKRwfSuYuNPO
Waiting For A Miracle,Post Malone,https://open.spotify.com/track/2GUSz3vtf8jhVXri1CTrQX
"New Recording 12, Jan 3, 2020",Post Malone,https://open.spotify.com/track/0lmRKkc33g1N9fWW9nZPVc
Falling,Harry Styles,https://open.spotify.com/track/1ZMiCix7XSAbfAJlEZWMCp
With you,"Jimin, HA SUNG WOON",https://open.spotify.com/track/2gzhQaCTeNgxpeB2TPllyY
Worldwide Steppers,Kendrick Lamar,https://open.spotify.com/track/5p56JT5F9a1z9pwXnqTg7d
Crown,Kendrick Lamar,https://open.spotify.com/track/2IwbW2jd0Ncv99Aroe77Ru
Rich - Interlude,Kendrick Lamar,https://open.spotify.com/track/2Az5ykbQiZtFWtACCMvWlP
Auntie Diaries,Kendrick Lamar,https://open.spotify.com/track/19Fg3WrTfo35Ji3PtfZE6J
Mother I Sober (feat. Beth Gibbons of Portishead),"Kendrick Lamar, Beth Gibbons",https://open.spotify.com/track/6NZOc8kO0Fxo0fLPvIdLnW
De Diepte,S10,https://open.spotify.com/track/7uQ7e7nzbtyX87eIYHpj6Z
Something In The Way,Nirvana,https://open.spotify.com/track/2WL6GQzPuK9Nrpy9XwNEbz
Trust Fund Baby,TOMORROW X TOGETHER,https://open.spotify.com/track/20pl0RVGT7P6L1Jr9p51nw
Bored,Billie Eilish,https://open.spotify.com/track/04sN26COy28wTXYj3dMoiZ
LA FAMA,"ROSALÍA, The Weeknd",https://open.spotify.com/track/6Y46tOTRhkBamosyuWa6YX
birthday cake,Dylan Conrique,https://open.spotify.com/track/7dDrR6vMK1JAwZZ5MIWgme
Don't Think Jesus,Morgan Wallen,https://open.spotify.com/track/1TUuhV75FeOF6UObRsABo2
Hati-Hati di Jalan,Tulus,https://open.spotify.com/track/2hHeGD57S0BcopfVcmehdl
That's Hilarious,Charlie Puth,https://open.spotify.com/track/1jIMjbzcGCcCQn5iMu9CUc
CANDY,ROSALÍA,https://open.spotify.com/track/70AYiGbc4mWZGEqiipBBDb
chaotic,Tate McRae,https://open.spotify.com/track/2bdqU7C4softKNcMYDFi96
I'm Tired (with Zendaya) - Bonus Track,"Labrinth, Zendaya",https://open.spotify.com/track/6LtHYDgYHRCHoKK3snfr2w
LEGENDADDY,Daddy Yankee,https://open.spotify.com/track/4jzz1dFGn1osftEfcKSAeV
HENTAI,ROSALÍA,https://open.spotify.com/track/4kroNlz8BTfswE4M0i3YCh
DIABLO,ROSALÍA,https://open.spotify.com/track/4QlMiL1BPCBzLfn1XbSkpg
G3 N15,ROSALÍA,https://open.spotify.com/track/2MismgPSA3HxJUEV2pEl25
Arcade,Duncan Laurence,https://open.spotify.com/track/1J14CdDAvBTE1AJYUOwl6C
Forever,Labrinth,https://open.spotify.com/track/6potEImiklXkwD9qFzpu15
When I R.I.P.,Labrinth,https://open.spotify.com/track/2t16D9V5FmmRAJjsSpwvZf
"Elliot's Song - From ""Euphoria"" An HBO Origil Series","Dominic Fike, Zendaya",https://open.spotify.com/track/7JIIY2oDPFkURYMCLJuzhe
The Joker And The Queen (feat. Taylor Swift),"Ed Sheeran, Taylor Swift",https://open.spotify.com/track/6N1K5OVVCopBjGViHs2IvP
you broke me first,Tate McRae,https://open.spotify.com/track/45bE4HXI0AwGZXfZtMp8JR
It'll Be Okay,Shawn Mendes,https://open.spotify.com/track/2KnLkZ3z7PO3kgVGHGqDpD
Hrs & Hrs,Muni Long,https://open.spotify.com/track/3xRH6FPVtheDyNla3T1FE7
Dos Oruguitas,Sebastian Yatra,https://open.spotify.com/track/5rohUzwEoRsUvAA1Bf3DLo
LA FAMA (with The Weeknd),ROSALÍA,https://open.spotify.com/track/6dmXZ9B5HdFAyzHeTneYBK
Christmas Tree,V,https://open.spotify.com/track/186NCtNk1tUYS7c2DxgJ7O
Ovunque Sarai,Irama,https://open.spotify.com/track/0hluyTCTSua59xYuIRqpe5
"I'm Tired - From ""Euphoria"" An Origil HBO Series",Labrinth,https://open.spotify.com/track/2QH0jR41d11GTubjRSRdJo
Watercolor Eyes - From â€œEuphoriaâ€ An HBO Origil Series,Lana Del Rey,https://open.spotify.com/track/1G1R0XgChe18Zr1o6tlmN6
Nothing,Bruno Major,https://open.spotify.com/track/2IAR0DziHCjSu16gR4ihvy
Starry Eyes,The Weeknd,https://open.spotify.com/track/6zzdyvVWjGrQBraSvuqJPY
Dawn FM,The Weeknd,https://open.spotify.com/track/6krYS8KtmNAYyb5uTZiYW4
WHERE WE ARE,The Lumineers,https://open.spotify.com/track/4MTmAFWHpvB9kPMSRgLFRp
Miserable Man,David Kushner,https://open.spotify.com/track/6gPPoRYJwCsoB2VVdPJfmo
Pope Is a Rockstar,SALES,https://open.spotify.com/track/0So2sgVa8aJiARPl2P29u2
Phantom Regret by Jim,The Weeknd,https://open.spotify.com/track/1NlK2NtpuUazpziLhnJwEV
GHOST TOWN,Benson Boone,https://open.spotify.com/track/135Lf4Q0CzlMNfOxbEUsLH
Someone Like You,Adele,https://open.spotify.com/track/5lkpeJwmQKgY3bX2zChjxX
Ya Supérame (En Vivo),Grupo Firme,https://open.spotify.com/track/6HIIuuUIEzH1meVdGbMXyf
Mistletoe And Holly - Remastered 1999,Frank Sinatra,https://open.spotify.com/track/7faDzZnZYqTyYThx2sbHVQ
"You're A Mean One, Mr. Grinch - From Dr. Seuss' 'How The Grinch Stole Christmas'",Thurl Ravenscroft,https://open.spotify.com/track/6Tof6kPUc2a17GKaKz4IXz
Have Yourself A Merry Little Christmas - Remastered 1999,Frank Sinatra,https://open.spotify.com/track/2FPfeYlrbSBR8PwCU0zaqq
The Little Drummer Boy - Remastered 2006,Bing Crosby,https://open.spotify.com/track/4FuRG9hTnc4s4EYb05st0p
"Mary, Did You Know?",Pentatonix,https://open.spotify.com/track/4z8sz6E4YyFuEkv5o7IJni
A Holly Jolly Christmas,Brett Eldredge,https://open.spotify.com/track/1GpPsjjd4D1jsteGYpGGIN
Silent Night,Michael Bublé,https://open.spotify.com/track/6B14wYcEpWhyDvxWRb9Df8
The First Noël,Andy Williams,https://open.spotify.com/track/4r87anpJZfl5p6OsBZnrZs
Silent Night,Mariah Carey,https://open.spotify.com/track/1sFWEpf1aPYN576LS1aa4Y
White Christmas,Michael Bublé,https://open.spotify.com/track/4buHBCFNm5WvttEDevaj9C
Santa Claus Is Comin' to Town,Frank Sinatra,https://open.spotify.com/track/6YeDjSHCDmJKgU8foiaruL
Santa Baby,Michael Bublé,https://open.spotify.com/track/6DwnAl6l63e83dDgIzY8P4
Poison,"Aaliyah, The Weeknd",https://open.spotify.com/track/7M4fSXTAUQih72cf0FbMgA
I Drink Wine,Adele,https://open.spotify.com/track/6v0UJD4a2FtleHeSYVX02A
Aca Entre Nos,Vicente Fernández,https://open.spotify.com/track/2FDFz5TuYlpP180AUicAcl
Mujeres Divis,Vicente Fernández,https://open.spotify.com/track/2PxGGRmj5yunYdNF2Ud2vm
Un Millón de Primaveras,Vicente Fernández,https://open.spotify.com/track/6j5LtifAnuTjTYvml61yFZ
Eminem Speaks,Juice WRLD,https://open.spotify.com/track/0WSTCrEsC2rsM8zavpfM5I
Juice WRLD Speaks 2,Juice WRLD,https://open.spotify.com/track/2pumRJcJLkPPejrEvwLAlu
Jugaste y Sufrí,"Eslabon Armado, DannyLux",https://open.spotify.com/track/3NqBxTOMCJ3zW9CIP51td4
My Little Love,Adele,https://open.spotify.com/track/2DuPBbS5mIldXnh7Wum8Cy
feel like shit,Tate McRae,https://open.spotify.com/track/2EBnvom1dTybtm75a3Xh1T
Love In The Dark,Adele,https://open.spotify.com/track/0DuWDLjriRPjDRoPgaCslY
To Be Loved,Adele,https://open.spotify.com/track/10ImcQk9tihY1EKMDIbvXJ
All Night Parking (with Erroll Garner) Interlude,Adele,https://open.spotify.com/track/496vIKS2INz840xZaKncvR
Hold On,Adele,https://open.spotify.com/track/6bGMSP3H9YqkmaLnaJTIoF
Nothing New (feat. Phoebe Bridgers) (Taylor's Version) (From The Vault),Taylor Swift,https://open.spotify.com/track/01K4zKU104LyJ8gMb7227B
Strangers By ture,Adele,https://open.spotify.com/track/13CVSGLSFl4UxpDVR6u3dq
I GUESS I'M IN LOVE,Clinton Kane,https://open.spotify.com/track/1is8gU4RVcN4J8xItxWoOY
Woman Like Me,Adele,https://open.spotify.com/track/2c6xRsQBv7pynuhYhWoHxo
Run (feat. Ed Sheeran) (Taylor's Version) (From The Vault),Taylor Swift,https://open.spotify.com/track/4IQkfUsrwXol38VV3U7t7T
Make You Feel My Love,Adele,https://open.spotify.com/track/273QnyCvJB65rScHJ1nPZb
LAUREA AD HONOREM (feat. Calcutta),"Marracash, Calcutta",https://open.spotify.com/track/5xJNgaimelFOPWnK9U4IUO
All Too Well (Sad Girl Autumn Version) - Recorded at Long Pond Studios,Taylor Swift,https://open.spotify.com/track/1n3b9Eekoy3S9ZSZ5DmTW1
exile (feat. Bon Iver),Taylor Swift,https://open.spotify.com/track/4pvb0WLRcMtbPGmtejJJ6y
Sad Beautiful Tragic (Taylor's Version),Taylor Swift,https://open.spotify.com/track/73qMN9bXy7MSPwwGfH3wQr
State Of Grace (Acoustic Version) (Taylor's Version),Taylor Swift,https://open.spotify.com/track/5jAIouBES8LWMiriuNq170
Ron (Taylor's Version),Taylor Swift,https://open.spotify.com/track/7nWui6jiMM2m9qFmET1Mtj
Bala Love,"Mc Anjim, Dj Lv Mdp, DJ PH DA SERRA",https://open.spotify.com/track/48Ll1C6qAnP2UjnopQDh4a
Está Dañada,Ivan Cornejo,https://open.spotify.com/track/6G2xXQRSZlEzYsUEb3uvuR
WFM,RealestK,https://open.spotify.com/track/1DNA2z7Txysjk3cNz2nDLm
ONLY,LeeHi,https://open.spotify.com/track/6TBJkXHPhu3EsMk1bshwuI
WFM,Realestk,https://open.spotify.com/track/18ddJHQ7CUzNBiy55L0Xjj
Bitter - rration By Cardi B,Summer Walker,https://open.spotify.com/track/5cwnxz6QPfbOf731UPqphs
Circus,Summer Walker,https://open.spotify.com/track/2vdposMtmLoanI0pflut4F
First Times,Ed Sheeran,https://open.spotify.com/track/5QYnNhTKsN3kE7OaqILA1U
I Can Be That Woman,ABBA,https://open.spotify.com/track/2JNzo5lIfJNFXV1ttcLD7r
I Still Have Faith In You,ABBA,https://open.spotify.com/track/3D9TYPbNo1nnTwE4eLKxnJ
Insane,Summer Walker,https://open.spotify.com/track/3pcxxaUxAMSfz2zgetHydD
Keep An Eye On Dan,ABBA,https://open.spotify.com/track/1OC16r1BdQO6hK2iqmvwXF
Little Things,ABBA,https://open.spotify.com/track/1vLPyotXnRlM2EJIHK16LW
Switch A Nigga Out,Summer Walker,https://open.spotify.com/track/5Mv7yjian35AddlklJgg1v
Visiting Hours,Ed Sheeran,https://open.spotify.com/track/0rt63HYAAIzUZo5O2D0uA6
You Don't Know Me,Summer Walker,https://open.spotify.com/track/7gpIj4wMeTKptFxetrNKzY
The Joker And The Queen,Ed Sheeran,https://open.spotify.com/track/3NuLxTXowTRcguTh9RsPmM
Sandman,Ed Sheeran,https://open.spotify.com/track/2Ldb2ytuC9AxhpAkVEJBI6
double take,dhruv,https://open.spotify.com/track/47isJpIIO8m7BJEhiFhnaf
Livin It Up (with Post Malone & A$AP Rocky),Young Thug,https://open.spotify.com/track/7zjEyeBsaw9gV0jofJLfOM
All I Ask,Adele,https://open.spotify.com/track/6DEMMeWXfmFAXgDUMMzeg6
If You Lie Down With Me,Lana Del Rey,https://open.spotify.com/track/1RPsOAaHaRu8JlVdeaciuL
Die Slow (with Strick),Young Thug,https://open.spotify.com/track/6wuGK7wlZFjX2NYmParJwl
Moon,Kanye West,https://open.spotify.com/track/7CC6UbCs4iGsePSzFxYxNn
death bed (coffee for your head),"Powfu, beabadoobee",https://open.spotify.com/track/7eJMfftS33KTjuF7lTsMCx
XSCAPE,Don Toliver,https://open.spotify.com/track/0jNFDcGAXPs5ahngmD5R6n
Loverboy,A-Wall,https://open.spotify.com/track/0qXP5fMhxGzxALOkXYUxfP
Here's Your Perfect,Jamie Miller,https://open.spotify.com/track/2aTKrdenCq5qBOoJPFdn4P
Reckless,Madison Beer,https://open.spotify.com/track/5ajjAnNRh8bxFvaVHzpPjh
AM I DREAMING (feat. Miley Cyrus),Lil Nas X,https://open.spotify.com/track/6isTQfKXhNO3EyJd9mSxx8
VOID,Lil Nas X,https://open.spotify.com/track/3e6ebtUCZ0tZL1J7wvM8Xi
Jail,Kanye West,https://open.spotify.com/track/42ZrMq4BKsWDrrbMnMRYaK
IMY2 (with Kid Cudi),Drake,https://open.spotify.com/track/7F9cT6hIRhnFCYP6GKS0tf
Yebba's Heartbreak,"Drake, Yebba",https://open.spotify.com/track/1PDP7mLiAMwhfmgIwzhOm2
Blu Celeste,BLANCO,https://open.spotify.com/track/0BeXxjO6mgLDzg4xA6UheO
Joh,Kanye West,https://open.spotify.com/track/3gWzTnziivUYzqXtnvgN8q
No Child Left Behind,Kanye West,https://open.spotify.com/track/3onYsG7nB3FwEVHYYWCrIM
The Remorse,Drake,https://open.spotify.com/track/1cCXT1cErAY6tmIqHbodrt
God Breathed,Kanye West,https://open.spotify.com/track/1dPNJDYuW9QAtkOpK3eBvO
Come to Life,Kanye West,https://open.spotify.com/track/6DZz58CbF0AKw5PCKqNKcM
Diferença Mara,Juliette,https://open.spotify.com/track/0dLkZwE2Xt4ETtUt5cED2l
Donda,Kanye West,https://open.spotify.com/track/2TJ1FOCmCBkKm418MjVw5D
Vixe Que Gostoso,Juliette,https://open.spotify.com/track/2JMOMpspSaGua3VK2EFcGZ
Bells in Santa Fe,Halsey,https://open.spotify.com/track/1Knd3MtE5sEQMh6txcg0k0
The Tradition,Halsey,https://open.spotify.com/track/3e2bWR3uFw1utzl37g4z3S
NDA,Billie Eilish,https://open.spotify.com/track/38GBNKZUhfBkk3oNlWzRYd
Stoned at the il Salon,Lorde,https://open.spotify.com/track/51dhTHnxNi215JiLXdyurb
Big Star,Lorde,https://open.spotify.com/track/6Hgk1HQsWfx6VmivH45Csc
California,Lorde,https://open.spotify.com/track/0ZJLssJk51m0r4j9OvXcju
Dominoes,Lorde,https://open.spotify.com/track/7hyKvmmy6IUPvRP149vZyy
Fallen Fruit,Lorde,https://open.spotify.com/track/1F4QwL9Rj3retjba8AmkfA
Secrets from a Girl (Who's Seen it All),Lorde,https://open.spotify.com/track/7xgTVcQqY25wPns8HYxPXc
The Man with the Axe,Lorde,https://open.spotify.com/track/34kfMYJHLe5w352VsZ5hJ0
Ruway,AURORA,https://open.spotify.com/track/1v1oIWf2Xgh54kIWuKsDf6
Lost Cause,Billie Eilish,https://open.spotify.com/track/4191RXFPa7Ge9XkA4cWlna
enough for you,Olivia Rodrigo,https://open.spotify.com/track/2TOzTqQXNmR2zDJXihjZ2e
Getting Older,Billie Eilish,https://open.spotify.com/track/4HOryCnbme0zBnF8LWij3f
Your Power,Billie Eilish,https://open.spotify.com/track/042Sl6Mn83JHyLEqdK7uI0
my future,Billie Eilish,https://open.spotify.com/track/3YUMWmx8EJq0DurfuIwoGh
Bipolar,"Mc Davi, Mc Pedrinho, Mc Don Juan",https://open.spotify.com/track/0qxLQ6opocOGyFnlXqJ53x
Halley's Comet,Billie Eilish,https://open.spotify.com/track/5XsAal7ZcWg1I5T4NcRjkv
Male Fantasy,Billie Eilish,https://open.spotify.com/track/4ak9GGe6afmi2HbxEjvhIC
GOLDWING,Billie Eilish,https://open.spotify.com/track/0FfqyjhB6Kspvit1oOo7ax
Everybody Dies,Billie Eilish,https://open.spotify.com/track/5jhBwnqzNNrENXnYrAdoCe
OverHeated,Billie Eilish,https://open.spotify.com/track/5uSG6fUPRaehaV820zcpsK
"1 step forward, 3 steps back",Olivia Rodrigo,https://open.spotify.com/track/4wcBRRpIfesgcyUtis7PEg
Not My Responsibility,Billie Eilish,https://open.spotify.com/track/4T2zre0jqstNJ5Gt0WG9lz
As the World Caves In,Sarah Cothran,https://open.spotify.com/track/2xXNLutYAOELYVObYb1C1S
penhasco.,Luísa Sonza,https://open.spotify.com/track/5VTqW8raQYnj2avZ27nO2a
hope ur ok,Olivia Rodrigo,https://open.spotify.com/track/1zejeOnykpCoyVSit6Bwp3
Merci Beaucoup,Pop Smoke,https://open.spotify.com/track/6mPZVis3gEGSSR2rhxlehT
Shouldn't Matter but It Does,John Mayer,https://open.spotify.com/track/3MthJpM1IEYp2ulZe00LvP
Wild Blue,John Mayer,https://open.spotify.com/track/4VFGpluBaU1WcquEMzhSz6
All Eyes On Me,Bo Burnham,https://open.spotify.com/track/3rV5y8rcQrwRt9fWGLmjOQ
What A Time (feat. Niall Horan),Julia Michaels,https://open.spotify.com/track/5WtfUKzXircvW8l5aaVZWT
Sweet Caroline,Neil Diamond,https://open.spotify.com/track/62AuGbAkt8Ox2IrFFb8GKV
RUNITUP,"Tyler, The Creator, Teezo Touchdown",https://open.spotify.com/track/13HsOwrwTA5HgLuoaDHncP
RUNITUP (feat. Teezo Touchdown),"Tyler, The Creator",https://open.spotify.com/track/13HsOwrwTA5HgLuoaDHncP
MOMMA TALK,"Tyler, The Creator",https://open.spotify.com/track/2HrRwAKgIzjTeuKoaj4akH
If the World Was Ending - feat. Julia Michaels,JP Saxe,https://open.spotify.com/track/2kJwzbxV2ppxnQoYw4GLBZ
Antisocial (feat. Juice WRLD),Migos,https://open.spotify.com/track/3lakLxKgelrvKBTyGwDXhX
Butter (Instrumental),BTS,https://open.spotify.com/track/1e0Wxoraz9IzFhREDqgJAe
Voilà,Barbara Pravi,https://open.spotify.com/track/1uAOCTevGnyKIDbgZdOCnE
Tout l'univers,Gjon's Tears,https://open.spotify.com/track/3MvY2XbGYFi6p2dgmdcOYG
Lonely (with benny blanco),Justin Bieber,https://open.spotify.com/track/3S8jK1mGzQi24ilFb45DAZ
Facas - Ao Vivo,"Diego & Victor Hugo, Bruno & Marrone",https://open.spotify.com/track/1ere9b9vDw2N3m9d4uiXxa
Train Wreck,James Arthur,https://open.spotify.com/track/55Am8neGJkdj2ADaM3aw5H
when the party's over,Billie Eilish,https://open.spotify.com/track/43zdsphuZLzwA9k4DJhU0I
ÎŸ. OG,Damso,https://open.spotify.com/track/63ALxy05IGeKrfOjvGG7lO
Come Through (feat. Chris Brown),H.E.R.,https://open.spotify.com/track/3krZxyBsWEHfEfJegYaWTd
willow,Taylor Swift,https://open.spotify.com/track/3Uo7WG0vmLQ07WB4BDwy7D
Afterglow,Ed Sheeran,https://open.spotify.com/track/0E4Y1XIbs8GrAT1YqVy6dq
Gone Are The Days (feat. James Gillespie),Kygo,https://open.spotify.com/track/1MGGLyAMVQo3T9gSEBJjyH
You All Over Me (feat. Maren Morris) (Taylor's Version) (From The Vault),Taylor Swift,https://open.spotify.com/track/4CHpVfAhuxNJ3ibExe6kxO
Don't You (Taylor's Version) (From The Vault),Taylor Swift,https://open.spotify.com/track/4uuEGH5SVuzkkSFjo2DEiY
Forever & Always (Piano Version) (Taylor's Version),Taylor Swift,https://open.spotify.com/track/01QdEx6kFr78ZejhQtWR5m
We Were Happy (Taylor's Version) (From The Vault),Taylor Swift,https://open.spotify.com/track/34V9RiEPe8MNdU32qJsJa1
Gone,ROSÉ,https://open.spotify.com/track/2dHoVW9AxJVSRebPRyV2aA
Unstable (feat. The Kid LAROI),Justin Bieber,https://open.spotify.com/track/137mSruegm1u6x9NvwiagR
Off My Face,Justin Bieber,https://open.spotify.com/track/3T03rPwlL8NVk1yIaxeD8U
Born 2 Be Great,Lil Tjay,https://open.spotify.com/track/3AmqJsyZDFA8EHC461R7bY
2 Much,Justin Bieber,https://open.spotify.com/track/0oaY19dUwZimIgzn3ZZLZO
Lifetime,Justin Bieber,https://open.spotify.com/track/10Z9RbwrTbQ0gQeNRJ2dC1
Devil Eyes,Hippie Sabotage,https://open.spotify.com/track/7MiZjKawmXTsTNePyTfPyL
Chemtrails Over The Country Club,Lana Del Rey,https://open.spotify.com/track/7bPWdJgx8vek7S5i5yAtvG
White Dress,Lana Del Rey,https://open.spotify.com/track/4Hl9rOqYomojCmxYfr25im
Dark But Just A Game,Lana Del Rey,https://open.spotify.com/track/1dBBmAddRRIw6GwF7dPz6z
Let Me Love You Like A Woman,Lana Del Rey,https://open.spotify.com/track/1gxdWpeOUBpvB908fiZs4D
Tulsa Jesus Freak,Lana Del Rey,https://open.spotify.com/track/0hyImI8JaWONOrzKH7kJsC
Wild At Heart,Lana Del Rey,https://open.spotify.com/track/5RJot1fR8C90lLXzHtUqpo
Life's A Mess II (with Clever & Post Malone),Juice WRLD,https://open.spotify.com/track/4O3RwH1TFG1EjPezLIYehI
Aventador,"Capital Bra, Jamule",https://open.spotify.com/track/5T7pVU8KMd7hpyqfWt0nhy
Je sais,Booba,https://open.spotify.com/track/352ZjWTgxP3OOjsZYpv0kz
Something About Us,Daft Punk,https://open.spotify.com/track/1NeLwFETswx8Fzxl2AFl91
Be Alright,Dean Lewis,https://open.spotify.com/track/3EPXxR3ImUwfayaurPi3cm
Everybody Dies In Their Nightmares,XXXTENTACION,https://open.spotify.com/track/3GVkPk8mqxz0itaAriG1L7
Earned It (Fifty Shades Of Grey),The Weeknd,https://open.spotify.com/track/4frLb7nWtsz2ymBE6k2GRP
A Thousand Years,Christi Perri,https://open.spotify.com/track/6lanRgr6wXibZr8KgzXxBl
Lo Vas A Olvidar (with ROSALÍA),Billie Eilish,https://open.spotify.com/track/0psS4i5YooJrXfDnGvWRLi
Pressure (feat. Tove Lo),Martin Garrix,https://open.spotify.com/track/4ga4WvRNhMsIL38pkBbnIN
Sand In My Boots,Morgan Wallen,https://open.spotify.com/track/0uRrG2jRR5tuifsYIJHEao
Somebody's Problem,Morgan Wallen,https://open.spotify.com/track/42lqBjPYlmL1EXpMDXvhSN
champagne problems,Taylor Swift,https://open.spotify.com/track/0sY6ZUTh4yoctD8VIXz339
changes,XXXTENTACION,https://open.spotify.com/track/7AFASza1mXqntmGtbxXprO
Calamity,ZAYN,https://open.spotify.com/track/1hGHHKR7KFF2Wl78LBgKBz
HACIENDO QUE ME AMAS,Bad Bunny,https://open.spotify.com/track/26QApq0cuO9brJigr0C0W4
July,Noah Cyrus,https://open.spotify.com/track/6J2LdBN97cDWn0MLxYh9HB
865,Morgan Wallen,https://open.spotify.com/track/0sKEilrw1GrBlG6qsTCrP4
it's time to go - bonus track,Taylor Swift,https://open.spotify.com/track/1kdWw77ZpYOkhxeuhzU1j6
Whiskey'd My Way,Morgan Wallen,https://open.spotify.com/track/6HsXpHn2s6S9arU3Wy7ndc
gold rush,Taylor Swift,https://open.spotify.com/track/5BK0uqwY9DNfZ630STAEaq
'tis the damn season,Taylor Swift,https://open.spotify.com/track/4GBkffrtA51p17JH35irGA
Get You The Moon (feat. Snøw),Kina,https://open.spotify.com/track/4ZLzoOkj0MPWrTLvooIuaa
Party Girl,StaySolidRocky,https://open.spotify.com/track/3IJYUaN3tx04S4TYyZHKoP
Africa,TOTO,https://open.spotify.com/track/2374M0fQpWi3dLnB54qaLX
tolerate it,Taylor Swift,https://open.spotify.com/track/0PurA4JVJ8YQgSVopY8fn6
All I Want For Christmas (Is My Two Front Teeth) - Remastered,Nat King Cole Trio,https://open.spotify.com/track/4FQJyi8gnbhKy623wNx6Ps
Christmas Time Is Here - Vocal,Vince Guaraldi Trio,https://open.spotify.com/track/299lFlaAsNQdgbIZNPmIA0
Glittery - From The Kacey Musgraves Christmas Show,"Kacey Musgraves, Troye Sivan",https://open.spotify.com/track/4dFtIGQBrYjiskk7fN5Wmx
Here We Come a-Caroling / We Wish You a Merry Christmas,Perry Como,https://open.spotify.com/track/4LUAIXN6bpnEVaJZOLfuDt
I Need You Christmas,Jonas Brothers,https://open.spotify.com/track/0viGbbEJ9xV6qNJsTaXruz
It's Not Christmas 'Til You Come Home - Recorded At Spotify Studios NYC,Norah Jones,https://open.spotify.com/track/5DoGwwQAlYumpSSlDNMOwY
Last Christmas,James TW,https://open.spotify.com/track/4hrQGaFalrGJfcsILMxjuc
Silent Night,Carpenters,https://open.spotify.com/track/07QfuFPazJYuzRtcWW0U2y
Sleigh Ride,Carpenters,https://open.spotify.com/track/07RmHXaYqBdUyfAESPZkRO
Sleigh Ride,Andy Williams,https://open.spotify.com/track/5ymVfeMK8cDew5vzntTuc7
The First Noel - Remastered 1999,Frank Sitra,https://open.spotify.com/track/6keKIzkXWdbwJWMBJQUwYl
The Lighthouse Keeper,Sam Smith,https://open.spotify.com/track/2WUVQQAsWvScEdBVilRYaR
The Little Drummer Boy,Bing Crosby,https://open.spotify.com/track/2zHu4GAsQIw2skGszWEMFY
"White Christmas - Spotify Singles - Holiday, Recorded at Air Studios, London",George Ezra,https://open.spotify.com/track/7F9oCEKbqjN99cV5HpvYER
Rudolph The Red-Nosed Reindeer,Helene Fischer,https://open.spotify.com/track/0AsAn5cE3aZa99ewol7tv0
happiness,Taylor Swift,https://open.spotify.com/track/73YUReisjb3A9ActdLLjJQ
ivy,Taylor Swift,https://open.spotify.com/track/19CSr8rwW05VJL2F91KFNK
Amazing Grace,"Andrew Andraos, Esprit Ange Andraos",https://open.spotify.com/track/71avPtayHSPwC2MUfRLOdC
coney island (feat. The tiol),Taylor Swift,https://open.spotify.com/track/4tyX1rw9X309WkEdh2As4B
cowboy like me,Taylor Swift,https://open.spotify.com/track/1XjHRolIXL2M1EEOUsGGR4
dorothea,Taylor Swift,https://open.spotify.com/track/3w9VRlKPvNxj40RdUGRweH
evermore (feat. Bon Iver),Taylor Swift,https://open.spotify.com/track/0AaV4MJrgmLV3XhoiWXjjb
long story short,Taylor Swift,https://open.spotify.com/track/0vVMlbdYx2080Oa9FndPZr
marjorie,Taylor Swift,https://open.spotify.com/track/7vBNFh3NIZTj6tB5s1IBjE
Dive,Kid Cudi,https://open.spotify.com/track/7Hc3YL8oDiAzbiAW32KXrw
The Void,Kid Cudi,https://open.spotify.com/track/2yg7MXp8nSPaf61HVkhEr3
4 Da Kidz,Kid Cudi,https://open.spotify.com/track/2ZDRkJrKbceJRgLKkuex14
Beautiful Trip,Kid Cudi,https://open.spotify.com/track/4IIuCotvqijraSdnVLaFnM
Sept. 16,Kid Cudi,https://open.spotify.com/track/3Uw2se3aQU1UFrpRBvBnB4
the 1,Taylor Swift,https://open.spotify.com/track/0Jlcvv8IykzHaSmj49uNW8
24 Hours,Shawn Mendes,https://open.spotify.com/track/385VOmGbguaPG57TgoW8Lh
Can't Imagine,Shawn Mendes,https://open.spotify.com/track/2GwberkV36NoC5snp51cLC
Intro,Shawn Mendes,https://open.spotify.com/track/138oQeapLds5IeJrdRfeUd
Space Legend,Porky Slim,https://open.spotify.com/track/2ShRJbppDksFugwquBFyjx
off the table (with The Weeknd),Ariana Grande,https://open.spotify.com/track/7E1jVNoWuemqUryI4FxsVD
shut up,Ariana Grande,https://open.spotify.com/track/3ko9jEHNt4O5fjKN65ULJp
This Is Halloween,The Citizens of Halloween,https://open.spotify.com/track/0yURuYmnz9tl4K04e5Y6aQ
Bruises,Lewis Capaldi,https://open.spotify.com/track/4Of7rzpRpV1mWRbhp5rAqG
Better Together,Luke Combs,https://open.spotify.com/track/6gdLyYNuhWBzqwlOFSsXC7
Lose You To Love Me,Selena Gomez,https://open.spotify.com/track/4l0Mvzj72xxOpRrp6h8nHi
Gimme Love,Joji,https://open.spotify.com/track/5jSBnH9NyaNP5zdSB3pwgu
Intro,"21 Savage, Metro Boomin",https://open.spotify.com/track/5UpXJ75CXod4PCoBQP6MAP
Keep Doing What You're Doing,Bryson Tiller,https://open.spotify.com/track/1MpQyTgfVMpUOnwKMTSMzu
Timeless Interlude,Bryson Tiller,https://open.spotify.com/track/6Iw6fQVKZi0fWtEQBrTFcP
Ew,Joji,https://open.spotify.com/track/3Nc86B5XmDlG1KuEeSLD8x
Like You Do,Joji,https://open.spotify.com/track/3xo4Q43ei0ypZOvd2W1IqZ
NITROUS,Joji,https://open.spotify.com/track/2iES5ck2jsznpywJWMMzWR
Normal People (feat. rei brown),Joji,https://open.spotify.com/track/0QDBNUrc51sGxzmMTvH5kF
Upgrade,Joji,https://open.spotify.com/track/1FQpGAJiQgVd65IIBYkRVP
Mr. Hollywood,Joji,https://open.spotify.com/track/6cbsrCcgGstNCgWFKnrQmc
DEUX TOILES DE MER,Damso,https://open.spotify.com/track/7yN9Qx1HtE4c1fhakBz8Ay
ADMV,Maluma,https://open.spotify.com/track/4j3iq13kHs5PB94jdTp3Y3
Falling For You with Justin Bieber,Jaden,https://open.spotify.com/track/24MWSatP5sTylISvJONhnB
My Oasis (feat. Bur Boy),Sam Smith,https://open.spotify.com/track/2KoHxhRyWxJzA0VafWd5Nk
my tears ricochet,Taylor Swift,https://open.spotify.com/track/1MgV7FIyNxIG7WzMRJV5HC
invisible string,Taylor Swift,https://open.spotify.com/track/6VsvKPJ4xjVNKpI8VVZ3SV
mirrorball,Taylor Swift,https://open.spotify.com/track/0ZNU020wNYvgW84iljPkPP
seven,Taylor Swift,https://open.spotify.com/track/6KJqZcs9XDgVck7Lg9QOTC
So Done (feat. Khalid),Alicia Keys,https://open.spotify.com/track/3X3TlieuOl8aWzw2HeigUo
betty,Taylor Swift,https://open.spotify.com/track/5kI4eCXXzyuIUXjQra0Cxi
illicit affairs,Taylor Swift,https://open.spotify.com/track/2NmsngXHeC1GQ9wWrzhOMf
this is me trying,Taylor Swift,https://open.spotify.com/track/7kt9e9LFSpN1zQtYEl19o1
mad woman,Taylor Swift,https://open.spotify.com/track/2QDyYdZyhlP2fp79KZX8Bi
epiphany,Taylor Swift,https://open.spotify.com/track/08fa9LFcFBTcilB3iq2e2A
hoax,Taylor Swift,https://open.spotify.com/track/6MWoRt97mnSTXZhu3ggi9C
peace,Taylor Swift,https://open.spotify.com/track/7MbT4I8qGntX4fMdqMQgke
ocean eyes,Billie Eilish,https://open.spotify.com/track/2uIX8YMNjGMD7441kqyyNU
I Should Probably Go To Bed,Dan + Shay,https://open.spotify.com/track/5ovVcYo2MvjVydFwFyaaqy
Little Things,One Direction,https://open.spotify.com/track/7kSLdGdXLey7pzLsWpdg1h
This City,Sam Fischer,https://open.spotify.com/track/3H3r2nKWa3Yk5gt8xgmsEt
Anxiety - Intro,Juice WRLD,https://open.spotify.com/track/0YevRlTDW9tyIwViCyke8Q
Juice WRLD Speaks From Heaven - Outro,Juice WRLD,https://open.spotify.com/track/2GriTXl7gRSBv1A2IGZtnL
Surrender,Natalie Taylor,https://open.spotify.com/track/0ecC8p17cDNlxHXkuYqeR6
IDK You Yet,Alexander 23,https://open.spotify.com/track/47EWMOElkkbMp5m9SBkx7d
Let Me Down Slowly,Alec Benjamin,https://open.spotify.com/track/2qxmye6gAegTMjLKEBoR3d
Snow On Tha Bluff,J. Cole,https://open.spotify.com/track/1oOEkBNp4zWnkD7nWjJdog
Selfish,Madison Beer,https://open.spotify.com/track/4PV0uE5pZSh44E3NqNNDEH
Never Seen the Rain,Tones And I,https://open.spotify.com/track/2grAr8pWMuLWn8ZYEE9wDV
Chromatica II,Lady Gaga,https://open.spotify.com/track/0oQc0F6KUE7QY7k5TU6bic
Chromatica I,Lady Gaga,https://open.spotify.com/track/3CGZ7wfk4skmuyQgua1C1K
Can We Kiss Forever?,"Ki, Adria Proenza",https://open.spotify.com/track/58wyJLv6yH1La9NIZPl3ne
Moral of the Story,Ashe,https://open.spotify.com/track/2nC3QhMI9reBIOWutbU3Tj
No Time To Die,Billie Eilish,https://open.spotify.com/track/73SpzrcaHk0RQPFP73vqVR
SUGAR,BROCKHAMPTON,https://open.spotify.com/track/6U0FIYXCQ3TGrk4tFpLrEA
What If I Told You That I Love You,Ali Gatie,https://open.spotify.com/track/3cqPu20DGTGUoZtbJH2Dmi
Not You Too (feat. Chris Brown),Drake,https://open.spotify.com/track/3Q4gttWQ6hxqWOa3tHoTNi
i love you,Billie Eilish,https://open.spotify.com/track/6CcJMwBtXByIz4zQLzFkKc
To Die For,Sam Smith,https://open.spotify.com/track/2ZTYlnhhV1UAReg7wIGolx
Inside Friend (feat. John Mayer),Leon Bridges,https://open.spotify.com/track/4ehkZtzPTbjsRULRfQSWYu
Ain't No Sunshine,Bill Withers,https://open.spotify.com/track/1k1Bqnv2R0uJXQN4u6LKYt
Dear April (Side A - Acoustic),Frank Ocean,https://open.spotify.com/track/62ljuuXo0zrcrtJnnOhfxT
Lean on Me,Bill Withers,https://open.spotify.com/track/3M8FzayQWtkvOhqMn2V4T2
Cayendo (Side A - Acoustic),Frank Ocean,https://open.spotify.com/track/72794Eag03xdy7TO0KNuid
Jesus Christ 2005 God Bless America,The 1975,https://open.spotify.com/track/3tk5DaXxxUoV7b5nOdCDBv
Faith,The Weeknd,https://open.spotify.com/track/3orEOtd8CPL8GFlpRpKuoE
Fil Lullaby - Bonus Track,The Weeknd,https://open.spotify.com/track/2wDAD2hRCw8qanm6UjdLpx
NOTHING LESS,PARTYNEXTDOOR,https://open.spotify.com/track/7aGpxzqEndzz82BfUiPOu8
SPLIT DECISION,PARTYNEXTDOOR,https://open.spotify.com/track/0l4CWlipuaIS4vzsNNWC4V
B.S. (feat. H.E.R.),Jhené Aiko,https://open.spotify.com/track/63wx9vdskaXbYxyDx4oJCZ
Until I Bleed Out,The Weeknd,https://open.spotify.com/track/2BcnxwxBuar5wjCaLqm5N3
0,Childish Gambino,https://open.spotify.com/track/4Ksj9mKfsYC5b8v8Ey3c8I
Islands in the Stream,"Dolly Parton, Kenny Rogers",https://open.spotify.com/track/6apPqjW8ezpKEicAkkBlvO
Lettre à une femme,Ninho,https://open.spotify.com/track/5HEtuK03ygUzqca6yfgOYZ
bury a friend,Billie Eilish,https://open.spotify.com/track/4SSnFejRGlZikf02HLewEF
Who (feat. BTS),Lauv,https://open.spotify.com/track/2qG81jL9UIP54uS8gYyP4k
"Bad Girls, Good Vibes",Ufo361,https://open.spotify.com/track/7IxGslFZA5QhgXbUsDmcjf
René,Residente,https://open.spotify.com/track/6gm12xlADJwiBbHIKBXzGW
Euphoria (feat. Travis Scott & Kaash Paige),"Kaash Paige, Don Toliver",https://open.spotify.com/track/13QU8HBEBaSTZGq1HzQe9S
Never Worn White,Katy Perry,https://open.spotify.com/track/3ksNHUNCTP6Pan8rjFnmtw
Trampoline (with ZAYN),SHAED,https://open.spotify.com/track/2ez6qvOTHKeI3ss80NGqnI
Too Good At Goodbyes,Sam Smith,https://open.spotify.com/track/1mXVgsBdtIVeCLJnSnmtdV
All Around Me,Justin Bieber,https://open.spotify.com/track/5Py8zRKGkZvgHniVVtvNCN
Good News,Mac Miller,https://open.spotify.com/track/1DWZUa5Mzf2BwzpHtgbHPY
you should see me in a crown,Billie Eilish,https://open.spotify.com/track/3XF5xLJHOQQRbWya6hBp7d
Changes,Justin Bieber,https://open.spotify.com/track/521Os1SMlxmsoevsqyjNmJ
Confirmation,Justin Bieber,https://open.spotify.com/track/60brXKLTC15vK0av5gIldm
E.T.A.,Justin Bieber,https://open.spotify.com/track/6PzOPrXx8tJEqace76yrv2
That's What Love Is,Justin Bieber,https://open.spotify.com/track/2hLu8L8SNfCN4yKyPdX0h3
At Least For Now,Justin Bieber,https://open.spotify.com/track/6VLkgf5YmLixsabdqiCVGU
idontwanbeyouanymore,Billie Eilish,https://open.spotify.com/track/40T5GIqQ1CegGm2PTEl8Bu
Anyone,Demi Lovato,https://open.spotify.com/track/18ssFhD04lWo1RzpcohnrG
xanny,Billie Eilish,https://open.spotify.com/track/4QIo4oxwzzafcBWkKjDpXY
Circles,Mac Miller,https://open.spotify.com/track/4jXl6VtkFFKIt3ycUQc5LT
Into the Unknown,"Idina Menzel, AURORA",https://open.spotify.com/track/3Z0oQ8r78OUaHvGPiDBR3W
Hand Me Downs,Mac Miller,https://open.spotify.com/track/2Yv2mHzr5AQavVdwQjEokV
Surf,Mac Miller,https://open.spotify.com/track/1kwnxJNVl7cwcU98RvMBaR
Once A Day,Mac Miller,https://open.spotify.com/track/26G5nmIx7Yvq79bIIluyZV
That's On Me,Mac Miller,https://open.spotify.com/track/0udOCZp7yk0Ml92C0k8H8D
Alfred - Outro,Eminem,https://open.spotify.com/track/1WAwILvz37MkmZfmGnEXfg
Crowded Room (feat. 6LACK),Selena Gomez,https://open.spotify.com/track/2C0hTkdEoikhKzDCJl32QZ
Trampoline,"SHAED, ZAYN",https://open.spotify.com/track/4HBvwhhYo7YiYXkUDrOHzS
comethru,Jeremy Zucker,https://open.spotify.com/track/18uwL0vNUanqZH0ro2QcOP
Changes,Lauv,https://open.spotify.com/track/3vUc9WQpoca15404jNdzf9
Wrong Direction,Hailee Steinfeld,https://open.spotify.com/track/7GCVboEDzfL3NKp1NrAgHR
JACKBOYS,JACKBOYS,https://open.spotify.com/track/62zKJrpbLxz6InR3tGyr7o
Happy Xmas (War Is Over) - Remastered 2010,"John Lennon, The Harlem Community Choir, The Plastic Ono Band, Yoko Ono",https://open.spotify.com/track/3zJw3rugfpVrmBeDDnUYzy
Christmas Time Is Here,Brett Eldredge,https://open.spotify.com/track/1moEucbMhmAK6KVPoNw6ms
Have Yourself a Merry Little Christmas,Christi Aguilera,https://open.spotify.com/track/0iV9yfj1knFNOSEiuTHZwl
It's Beginning To Look Like Christmas,Bing Crosby,https://open.spotify.com/track/44mYhOVgerj2qPjkGDVA6n
Mele Kalikimaka (Merry Christmas),"Bing Crosby, The Andrews Sisters",https://open.spotify.com/track/04vLj9QUXoKdRlsp3gkURo
Oh Holy Night,Nina Nesbitt,https://open.spotify.com/track/2HD7DoEe9FdtvGdAdQIv5W
Rockin' Around The Christmas Tree,Mel & Kim,https://open.spotify.com/track/5gpImN0eqlucE3a3r121SF
Winter Wonderland,Bing Crosby,https://open.spotify.com/track/5VEuraNSVxMTzDTtrmL3lQ
Cherry,Harry Styles,https://open.spotify.com/track/2IOFZdYYkFxEHVz1w34PoL
Show Yourself,"Idina Menzel, Evan Rachel Wood",https://open.spotify.com/track/50WeOnXhM1H7AZEeIDoWfZ
Leray,Trippie Redd,https://open.spotify.com/track/6GivWRmlYtefJr28jev6e0
None Of Your Concern,"Jhené Aiko, Big Sean",https://open.spotify.com/track/75MSZRbAbQuzfUV3Pefvut
In My Room,Frank Ocean,https://open.spotify.com/track/4S4Mfvv03M1cHgIOJcbUCL
Everyday Life,Coldplay,https://open.spotify.com/track/6WMf0Om41Z6HlMzXFuZ4F0
Closed On Sunday,Kanye West,https://open.spotify.com/track/3JWiDGQX2eTlFvKj3Yssj3
Selah,Kanye West,https://open.spotify.com/track/39JRmdKFka1Oe09FoOCPI4
Use This Gospel,"Kanye West, Clipse, Kenny G",https://open.spotify.com/track/0oPOuDmmkVp3h6puekhs6P
Water,"Kanye West, Ant Clemons",https://open.spotify.com/track/454Epa1vrCGFddHXKyC1kb
Jesus Is Lord,Kanye West,https://open.spotify.com/track/7sBgFMWqDWQgrsNSpIBoe8
DHL,Frank Ocean,https://open.spotify.com/track/2INhKpUdzh7v0j041gZNsz
Internet,Post Malone,https://open.spotify.com/track/0KAzP1Rbp0Vz5pw8i1KDDI
I Warned Myself,Charlie Puth,https://open.spotify.com/track/3707IBa4HnS3zDDoWfeUBl
Fuck it I love you,Lana Del Rey,https://open.spotify.com/track/7MtVPRGtZl6rPjMfLoI3Lh
Norman fucking Rockwell,Lana Del Rey,https://open.spotify.com/track/3RIgHHpnFKj5Rni1shokDj
Cinmon Girl,Lana Del Rey,https://open.spotify.com/track/2mdEsXPu8ZmkHRRtAdC09e
Mariners Apartment Complex,Lana Del Rey,https://open.spotify.com/track/6OG05bPAwUuV3OMvy2Vy1P
Love song,Lana Del Rey,https://open.spotify.com/track/5tyMJlMqaggzvuX7TtlrTe
Venice Bitch,Lana Del Rey,https://open.spotify.com/track/3hwQhakFwm9soLEBnSDH17
The greatest,Lana Del Rey,https://open.spotify.com/track/6ERZ30cRjVWGtVLhczX9aL
California,Lana Del Rey,https://open.spotify.com/track/7oTE1KmtU2ml9zBhv9Reao
How to disappear,Lana Del Rey,https://open.spotify.com/track/4qUtC2BwFC154Ha8YQRrkk
Daylight,Taylor Swift,https://open.spotify.com/track/1fzAuUVbzlhZ1lJAx9PtY6
False God,Taylor Swift,https://open.spotify.com/track/5hQSXkFgbxjZo9uCwd11so
Happiness is a butterfly,Lana Del Rey,https://open.spotify.com/track/3lG6OtGDsYAOALxEmubQQm
Legion Inoculant,TOOL,https://open.spotify.com/track/48C0O5CXfQdfjUCUhOs1YP
Litanie contre la Peur,TOOL,https://open.spotify.com/track/4qE9yOgBNsARadpZTAb6RH
Soon You'll Get Better (feat. The Chicks),Taylor Swift,https://open.spotify.com/track/4AYtqFyFbX0Xkc2wtcygTr
The Next Best American Record,Lana Del Rey,https://open.spotify.com/track/7vRfxLcDDwgYW2WTrtEgUV
It's Nice To Have A Friend,Taylor Swift,https://open.spotify.com/track/1SmiQ65iSAbPto6gPFlBYm
eem,Bon Iver,https://open.spotify.com/track/1ff60tDWdcdVN6PtKQXWny
Don't Check On Me (feat. Justin Bieber & Ink),Chris Brown,https://open.spotify.com/track/7ILEWkpfdK6AjH2D7jppWk
Best Part of Me (feat. YEBBA),Ed Sheeran,https://open.spotify.com/track/0VsGaRXR5WAzpu51unJTis
Saturday Nights,Khalid,https://open.spotify.com/track/5kfNriitmkNE8mUbZ7gbq8
Trust Issues,Drake,https://open.spotify.com/track/4Wjhj0WjkyECccfHVIgaTq
Can I,Drake,https://open.spotify.com/track/3e0ZGE7Gp034iLknjQk4QW
Club Paradise,Drake,https://open.spotify.com/track/6MR5IBSNfDmiwnrlQpVw4w
I Get Lonely,Drake,https://open.spotify.com/track/2ducmmobqydJmv8or1OKTo
My Side,Drake,https://open.spotify.com/track/4alHkxxwAhvoGg3dJCATKV
I Love You 3000,Stephanie Poetri,https://open.spotify.com/track/5DuSzOxHDi1qZycpzIWyhO
Can You Feel the Love Tonight,"Beyoncé, Childish Gambino, Billy Eichner, Seth Rogen",https://open.spotify.com/track/1zSKtBze2IReYU44W0lDzd
Speechless (Full),omi Scott,https://open.spotify.com/track/0XPsOSYzDJZJArevQNm2AR
Amor Genuino,Ozuna,https://open.spotify.com/track/6pK5edDoyrn4mWwRSVc2a5
SUPERPOSITION,"Daniel Caesar, John Mayer",https://open.spotify.com/track/45PxuJqJBnPXZKLxoo9Apj
when the party's over - Recorded at Spotify Studios NYC,Lewis Capaldi,https://open.spotify.com/track/6H7fWtwEUHVfTyZD7zeG4w
Falling Like The Stars,James Arthur,https://open.spotify.com/track/15xWRPHQMeqgdkGzInx3PY
Ain't A Thing (feat. Bonn),Avicii,https://open.spotify.com/track/3MhNgzZwFtUF6jSr6pRSkW
Alunissons,Nekfeu,https://open.spotify.com/track/48MQ3gJuiksM6zyLPRTFKj
A BOY IS A GUN*,"Tyler, The Creator",https://open.spotify.com/track/1nXZnTALNXiPlvXotqHm66
DIAMANT,Rammstein,https://open.spotify.com/track/1UZs9dauJnxrqYxMIzxnwC
One,Lewis Capaldi,https://open.spotify.com/track/5C1TucCRf4Vjjree1OItyv
ilomilo,Billie Eilish,https://open.spotify.com/track/7qEKqBCD2vE5vIBsrUitpD
listen before i go,Billie Eilish,https://open.spotify.com/track/0tMSssfxAL2oV8Vri0mFHE
Out Of Love,Alessia Cara,https://open.spotify.com/track/4WzhjxvLP95y7AMDy0Atwb
lovely,"Billie Eilish, Khalid",https://open.spotify.com/track/1NJcg626wLln4pGHpiV7mf
My Bad,Khalid,https://open.spotify.com/track/2XKFnwB6djxrJCjR3PdeRb
Happier,Ed Sheeran,https://open.spotify.com/track/2RttW7RAu5nOAfq6YFvApB
Ela É do Tipo,MC Kevin o Chris,https://open.spotify.com/track/2x8TNY9KwNvD19gVGs4WOP
Bad,James Bay,https://open.spotify.com/track/3xRcQ04b0l5RiU2w7lJhCD
Best Part (feat. Daniel Caesar),H.E.R.,https://open.spotify.com/track/4OBZT9EnhYIV17t4pGw7ig
8,Billie Eilish,https://open.spotify.com/track/6X29iaaazwho3ab7GNue5r
Hold Up,Beyoncé,https://open.spotify.com/track/0rzNMzZsubFcXSEh7dnem7
Dangerous (feat. Kid Cudi),ScHoolboy Q,https://open.spotify.com/track/0IH3D0P8OrQFs6ajcqbm0R
Jenny of Oldstones (Game of Thrones),Florence + The Machine,https://open.spotify.com/track/1u0THw5xaGd7sYzJEh48Lt
Sorry - Origil Demo,Beyoncé,https://open.spotify.com/track/6eR1N0EBHiDkGDzegX99d3
Love Drought,Beyoncé,https://open.spotify.com/track/2RQAG0wQt35UzAPEyVJFWN
Pray You Catch Me,Beyoncé,https://open.spotify.com/track/7rLDARtJALM7QdiJDMXW7m
Sandcastles,Beyoncé,https://open.spotify.com/track/2FNPJWVdGxYhWaotd6rULS
Forward (feat. James Blake),Beyoncé,https://open.spotify.com/track/2bOWJIYSbhwg2NMQq1QMYH
We Will Rock You - Remastered,Queen,https://open.spotify.com/track/4pbJqGIASGPr0ZpGpnWkDn
goodbye,Billie Eilish,https://open.spotify.com/track/3LgWsmilsrWXiPYQFRD0T7
Self,Khalid,https://open.spotify.com/track/1WqLtczgKdbHFHhefOU0y7
Intro,Khalid,https://open.spotify.com/track/5BfMJ6iytQnu1r7iiCYSXe
Bluffin',Khalid,https://open.spotify.com/track/42w7pX3r1TpLR0i55Ek5ND
Autre monde,PNL,https://open.spotify.com/track/2aG2nLUd8NNI7vFuOLBCe0
Alive,Khalid,https://open.spotify.com/track/12VqHHz4wvVcnEdSivjLeQ
Heaven,Khalid,https://open.spotify.com/track/0Hgqglypzt6Qs5Duqskcqs
Hope Not,BLACKPINK,https://open.spotify.com/track/7mW8ar9hy7GSeH4lohyOKs
Zoulou tchaing,PNL,https://open.spotify.com/track/1gRMO4h3NGb1ZJA7TNdMPj
needy,Ariana Grande,https://open.spotify.com/track/1TEL6MlSSVLSdhOSddidlJ
Girls Need Love (with Drake) - Remix,Summer Walker,https://open.spotify.com/track/14SaZBTjxlorHJQxXh01Hu
Demonz (feat. Brent Faiyaz) - Interlude,Juice WRLD,https://open.spotify.com/track/5ZOEulH7fvK4ZkMLTOyKL0
ghostin,Ariana Grande,https://open.spotify.com/track/4lD7gHKF1e8Y9stQuVezZB
Flux,Ellie Goulding,https://open.spotify.com/track/4zb3kFL9fXrrfTwIY4CcDy
I'll Never Love Again - Film Version - Radio Edit,"Lady Gaga, Bradley Cooper",https://open.spotify.com/track/3DKpA54hrFIdPN6AtL9HXa
I Guess I Just Feel Like,John Mayer,https://open.spotify.com/track/1HNywa8Bk0TmzRwQrzhtPo
whoa (mind in awe),XXXTENTACION,https://open.spotify.com/track/7pdF27mSDuPWhppnHAmWHa
"Fire On Fire - From ""Watership Down""",Sam Smith,https://open.spotify.com/track/5rFj8OzffT0iggSjcBaeND
If I Ain't Got You,Alicia Keys,https://open.spotify.com/track/3XVBdLihbNbxUwZosxcGuJ
Sauce!,XXXTENTACION,https://open.spotify.com/track/3jq1RpStaB1YGyN3rRZGca
Touch Eem Body,"XXXTENTACION, Bass Santa, Kin$oul, Reddz",https://open.spotify.com/track/2WOxBv9WElDqB0opEAbCC4
WHEN I WAS OLDER - Music Inspired By The Film ROMA,Billie Eilish,https://open.spotify.com/track/7tGEAA1f8MydT7eVbbO9Zy
hope is a dangerous thing for a woman like me to have - but I have it,Lana Del Rey,https://open.spotify.com/track/1PfUKiMDKIlPEF9FfdJawc
come out and play,Billie Eilish,https://open.spotify.com/track/7wC5eZcFS1Q1BsQ35DU6H4
I Found You / Nilda's Story (with Calvin Harris & Miguel),benny blanco,https://open.spotify.com/track/3eVuglKxN2sjoIGHAsFAge
In My Head,Peter Manos,https://open.spotify.com/track/1tT55K6VEyO6XFDxK4lDQe
Christmas Time Is Here - Recorded at Sound Emporium shville,Devin Dawson,https://open.spotify.com/track/1dinW5tLGDdPhxtW8vMkUn
"Have Yourself A Merry Little Christmas - ""Meet Me In St. Louis"" Origil Cast Recording",Judy Garland,https://open.spotify.com/track/4eqne0oIdt9GW2ubiliny0
I'll Be Home For Christmas,Bing Crosby,https://open.spotify.com/track/4lftz0V8DZhWSVtL4GrzMH
Merry Christmas Darling - Album Version/Remix,Carpenters,https://open.spotify.com/track/1QXg7pVx5hpAZWw8KIAcGw
The Man With The Bag,Kay Starr,https://open.spotify.com/track/56dllQaFZBw3SPTiKZvqYH
What Child Is This?/The Holly And The Ivy,Bing Crosby,https://open.spotify.com/track/4DywxkC9fZ59pBIOS8UFuX
Have Yourself a Merry Little Christmas (feat. Esperanza Spalding),John Legend,https://open.spotify.com/track/3yQbBL8hsYtUhXSrmbKq8X
Please Come Home For Christmas - Bonus Track,Eagles,https://open.spotify.com/track/70f0ToGXTEtLKFSwHMbHoC
Thank God It's Christmas - 2011 Remaster,Queen,https://open.spotify.com/track/3AymrUApW5JKKaNrHQhcBG
I don't let go,XXXTENTACION,https://open.spotify.com/track/4axYWgXASdsCBHuwInAubT
what are you so afraid of,XXXTENTACION,https://open.spotify.com/track/57nOpVSc3j9o03Cr928ZM4
difference (interlude),XXXTENTACION,https://open.spotify.com/track/5itzep0nGnq7hxCfFNsTIR
the remedy for a broken heart (why am I so in love),XXXTENTACION,https://open.spotify.com/track/4UKCKdYiLN6IMA5ZESUTL7
Lonesome Train,Stan Kenton,https://open.spotify.com/track/46DwQbCUzWr4bT0Uu2lDK8
Introduction,XXXTENTACION,https://open.spotify.com/track/0QSt5KmJzRqU1gFJJfQJ0Q
Be My Mistake,The 1975,https://open.spotify.com/track/0AG2l0IboWNSwjUkMr2Aq7
Vas A Quedarte,Aitana,https://open.spotify.com/track/2b3JxLi8KAiOsD8ehnOxDZ
Love Of My Life - Remastered 2011,Queen,https://open.spotify.com/track/4YJUTdZ0Pgl0ZeNyHYXeLd
Consequences - orchestra,Camila Cabello,https://open.spotify.com/track/1ArLnG0bHaHPXqf08sEKM0
Ruway,Lil Peep,https://open.spotify.com/track/1FBi1YWCAxlRmfuUbMINqO
Overdue (with Travis Scott),Metro Boomin,https://open.spotify.com/track/2mYDDUkBcgFNBqkWctyyuc
Only 1 (Interlude) (with Travis Scott),Metro Boomin,https://open.spotify.com/track/2kJAhu7mesSEkML8zviSNX
Prima di ogni cosa,Fedez,https://open.spotify.com/track/5mkGjUA82k3yWNhD1kFAuU
TEST DRIVE,Joji,https://open.spotify.com/track/1DMEzmAoQIikcL52psptQL
YEAH RIGHT,Joji,https://open.spotify.com/track/1VGzxJnVQND7Cg5H5wGj14
Vertigo,Khalid,https://open.spotify.com/track/06GcodDliPWAYFX2LSFLIu
9.13,Khalid,https://open.spotify.com/track/1k0QMCm5kF3CBjCQ37vDLl
Salem's Interlude,Khalid,https://open.spotify.com/track/0v75ti1d2M6pd0sC42UNNN
Don't Matter To Me (with Michael Jackson),Drake,https://open.spotify.com/track/6G8kHiVZ1jW7vHMPVRNZU0
Perfect Duet (Ed Sheeran & Beyoncé),Ed Sheeran,https://open.spotify.com/track/1bhUWB0zJMIKr9yVPrkEuI
8 Letters,Why Don't We,https://open.spotify.com/track/4zRZAmBQP8vhNPf9i9opXt
Culpables,Manuel Turizo,https://open.spotify.com/track/3RD0PGolM0mETGHaprwgMn
Leave the City,Twenty One Pilots,https://open.spotify.com/track/5HCXMBxZIVaVLXpyoqPM3g
You Say,Lauren Daigle,https://open.spotify.com/track/3ngc7rGlfeFaskU90EWl4R
1-800-273-8255,"Logic, Alessia Cara, Khalid",https://open.spotify.com/track/5tz69p7tJuGPeMGwNTxYuV
Pretty Little Fears (feat. J. Cole),6LACK,https://open.spotify.com/track/4at3d5QWnlibMVN75ECDrp
East Atlanta Love Letter (feat. Future),6LACK,https://open.spotify.com/track/6rJmWa5DvQ3Nby3tdcX2L0
Unfair,6LACK,https://open.spotify.com/track/3Q33RhbyoFul9LdKKjticI
Come Back to Earth,Mac Miller,https://open.spotify.com/track/01z2fBGB8Hl3Jd3zXe4IXR
What's the Use?,Mac Miller,https://open.spotify.com/track/2dgrYdgguVZKeCsrVb9XEs
Perfecto,Mac Miller,https://open.spotify.com/track/0Xcy81PsJCOO6mhLZaQyQ4
So It Goes,Mac Miller,https://open.spotify.com/track/0EA2RhRHL4KWeNa7JfD1Yw
Wings,Mac Miller,https://open.spotify.com/track/16umSNZfofRpDqTvf8DIAo
Superhero,Lauv,https://open.spotify.com/track/1Fo4OvzP9PThFKMeMIAEYu
pete davidson,Ariana Grande,https://open.spotify.com/track/0XOnMqLQDO89iAg7dWWwnG
Aura,"Ozuna, Arthur Hanlon",https://open.spotify.com/track/1AVu7Kc2MRrLfOG1RCEf07
get well soon,Ariana Grande,https://open.spotify.com/track/7u6DMPznGbpziuEgCE0JGQ
raindrops (an angel cried),Ariana Grande,https://open.spotify.com/track/0v2LUO8oTHnkjQ8MmKuXyk
Sober,Demi Lovato,https://open.spotify.com/track/0STK94RxUulYqWzwFlyAb5
I Say a Little Prayer,Aretha Franklin,https://open.spotify.com/track/3NfxSdJnVdon1axzloJgba
(You Make Me Feel Like) A tural Woman,Aretha Franklin,https://open.spotify.com/track/5K09WxKdlkroDyEVyOSySy
Son of a Preacher Man,Aretha Franklin,https://open.spotify.com/track/4uCbetXW9LStYPUjCpBVp9
Together,Trippie Redd,https://open.spotify.com/track/6m3LlhdZ0HWn4D7Nnm06MQ
No Hay die Más,Sebastian Yatra,https://open.spotify.com/track/3IPJg1sdqLj12kFIndaonN
Like To Be You feat. Julia Michaels,Shawn Mendes,https://open.spotify.com/track/5QskYLFPX9y7pLU0VEMNbr
Youth feat. Khalid,Shawn Mendes,https://open.spotify.com/track/5SwEgzUFDHwpWHKrbnP32Z
Peak,Drake,https://open.spotify.com/track/2RAeY8dPj6KmStROfEigjV
Ratchet Happy Birthday,Drake,https://open.spotify.com/track/16x6tqeSkIjoLEf7SJLlYy
1950,King Princess,https://open.spotify.com/track/0CZ8lquoTX2Dkg7Ak2inwA
Big God,Florence + The Machine,https://open.spotify.com/track/1NcXkWB3UwXfMt8izByICb
June,Florence + The Machine,https://open.spotify.com/track/2yoaXLItTfWNpdFFpdF3Ti
A l'Ammoniaque,PNL,https://open.spotify.com/track/6aH3QgooXRmx8k8jzrSm3V
I Don't Wan Do This Anymore,XXXTENTACION,https://open.spotify.com/track/5de9Ho64dovuQI8Uhn5gPD
"ALONE, PART 3",XXXTENTACION,https://open.spotify.com/track/2oe6dDthgthqUkfL3czpEd
before I close my eyes,XXXTENTACION,https://open.spotify.com/track/16x9bQHw8TBNaGDyULvwad
Dying in LA,Panic! At The Disco,https://open.spotify.com/track/18xmRkPWE0sGUzFyNNAAhN
Save Me,XXXTENTACION,https://open.spotify.com/track/2UwbhMie1EAYuTZ0QXeMwl
Dead Inside (Interlude),XXXTENTACION,https://open.spotify.com/track/2vQwlW8H1jFveGNXwZfJCV
love yourself (interlude),XXXTENTACION,https://open.spotify.com/track/1Znlc3UZAbSodFaMBjdpsX
Orlando,XXXTENTACION,https://open.spotify.com/track/05bnEv2dpFzmGVLGdjD9UP
Ayala (Outro),XXXTENTACION,https://open.spotify.com/track/5xbrhx2tMMcN68IT3cJbhS
King,XXXTENTACION,https://open.spotify.com/track/1Wh5LO3TWAvaeDrwp4FZgo
Amorfoda,Bad Bunny,https://open.spotify.com/track/3ITvHA9zhZZdBJsOsAUegF
Perfectly Wrong,Shawn Mendes,https://open.spotify.com/track/0UTHr20nqVFMoji8xYE9yl
The Truth Untold,"BTS, Steve Aoki",https://open.spotify.com/track/48XfojJC87VKLlUotYV0Gm
Why,Shawn Mendes,https://open.spotify.com/track/1KXFoiT2n4QXRsFvhWNI4I
When You're Ready,Shawn Mendes,https://open.spotify.com/track/03vyB3AHCuEGfhh7wPc7Yf
CALLDROPS (feat. Kodak Black),A$AP Rocky,https://open.spotify.com/track/1wGYcpJZ59rePkNu4zHmLu
Purity (feat. Frank Ocean),A$AP Rocky,https://open.spotify.com/track/2MF4HtZHBoUliOi9nOAbS0
Brotha Man (feat. French Monta),A$AP Rocky,https://open.spotify.com/track/6MmtDonkpvSoRx9ACwrGDu
Changes,A$AP Rocky,https://open.spotify.com/track/1dzwFgBlZNxt28aQOinNGn
Hun43rd,A$AP Rocky,https://open.spotify.com/track/1r33iukEx0COYuBzyXPmPP
Faith (feat. Quavo),V,https://open.spotify.com/track/3NelcGZ46JmV9LqOD1pnxA
Culpable O No - Miénteme Como Siempre,Luis Miguel,https://open.spotify.com/track/7BwxbmYFy0l3ROHDjV2c14
You Let Me Walk Alone,Michael Schulte,https://open.spotify.com/track/07qlsG6DYRLBbovwca9Vbr
The Ultracheese,Arctic Monkeys,https://open.spotify.com/track/3PhbzvTllkq1rkULafc6ns
Jonestown (Interlude),Post Malone,https://open.spotify.com/track/0R6Jlsq25eZB3Wftpxi3oF
Marinero,Maluma,https://open.spotify.com/track/0IEUbDOzcwi6Ju1ZAJ23rk
Heaven,Julia Michaels,https://open.spotify.com/track/4QfNOZN7vrQCQKK1ZJ3XPb
Intro,J. Cole,https://open.spotify.com/track/2AfWCBwGGCsZtvVnGF3QYE
You Are The Reason,Calum Scott,https://open.spotify.com/track/2VgJDTfkuwlm7WIHnvtRCQ
Privilege,The Weeknd,https://open.spotify.com/track/26Fqtv4Aa7kyd1WWGHai6A
So Far Away (feat. Jamie Scott & Romy Dya),"Martin Garrix, David Guetta",https://open.spotify.com/track/0OlnLZY4cmQzT6ZGttvWBM
Sky Full Of Song,Florence + The Machine,https://open.spotify.com/track/5mdooqkfMvf7LtIFKReUYg
Never Enough,Loren Allred,https://open.spotify.com/track/0Gl5s8IhMmQE5YQwM8Qx1J
A Million Dreams,"Ziv Zaifman, Hugh Jackman, Michelle Williams",https://open.spotify.com/track/0RoA7ObU6phWpqhlC9zH4Z
Real Friends,Camila Cabello,https://open.spotify.com/track/3iq9nhbI8fcnNamxMft1uv
Moon River,Frank Ocean,https://open.spotify.com/track/41cpvQ2GyGb2BRdIRSsTqK
Redemption Interlude,Zacari,https://open.spotify.com/track/4FpfU1O7WCLBnmwu5XAFk4
Tightrope,Michelle Williams,https://open.spotify.com/track/0GVuLQtPXFaL18ijEOqoAa
Praying,Kesha,https://open.spotify.com/track/0jdny0dhgjUwoIp5GkqEaA
The Good Side,Troye Sivan,https://open.spotify.com/track/5zZw8cn8WKoplKaeMPSvwi
Consequences,Camila Cabello,https://open.spotify.com/track/7sTtHHrD0zDpmzQzH3zegz
Linger,The Cranberries,https://open.spotify.com/track/1aLNpg2kKvUncflV8xE5AA
Walk On Water (feat. Beyoncé),Eminem,https://open.spotify.com/track/5PIBgH1cUFwu5IiUk9tnN9
A Million Dreams (Reprise),"Austyn Johnson, Cameron Seely, Hugh Jackman",https://open.spotify.com/track/66y7x28jXOPrcmu3D5Zjh6
If You Leave Me Now (feat. Boyz II Men),Charlie Puth,https://open.spotify.com/track/2iLGgm4O5Hia8aSfSzXS3H
Christmas Time,The Platters,https://open.spotify.com/track/2345kZ5rt8eHjO8CFpx3Yi
God Rest Ye Merry Gentlemen - Single Version,Bing Crosby,https://open.spotify.com/track/1uPEDUtTJZOkj7CjGDtZGv
Hark! The Herald Angels Sing/It Came Upon A Midnight Clear - Remastered,Bing Crosby,https://open.spotify.com/track/59g1IKRYrCBsYLdd0WhKus
"Medley: Caroling, Caroling / The First Noel / Hark! The Herald Angels Sing / Silent Night",Perry Como,https://open.spotify.com/track/5D30yNI3b0HAuaBWAGOImI
O Christmas Tree,Tony Bennett,https://open.spotify.com/track/2VsCE6ui7N4IRzGIGT7Di8
O Little Town of Bethlehem,Elvis Presley,https://open.spotify.com/track/6Ai7PiAjnb4eIiC05By0i4
O Tannenbaum,Nat King Cole,https://open.spotify.com/track/2nWeF8M4XwOdIEUK8q1kTj
"River - Recorded At RAK Studios, London",Sam Smith,https://open.spotify.com/track/29UQV9kjexf0TJAR0UElID
The Christmas Waltz,Peggy Lee,https://open.spotify.com/track/4DV9KToOaC0khx2MqOZstE
Twelve Days Of Christmas - Single Version,"Bing Crosby, The Andrews Sisters",https://open.spotify.com/track/4Zo33RKIwOIiVsZZtXsKU4
Perfect Symphony (Ed Sheeran & Andrea Bocelli),Ed Sheeran,https://open.spotify.com/track/3zl7j5ua8mF4JDYuxrfo01
Revival (Interlude),Eminem,https://open.spotify.com/track/3PAwprj5tcrX8vV9BbBL9X
Jingle Bell Rock,Anita Kerr Singers,https://open.spotify.com/track/4IdXngKo4g5exqZ0fQTecu
Pray,Sam Smith,https://open.spotify.com/track/7DsX5K72fewVGb47qj7Tbg
Burning,Sam Smith,https://open.spotify.com/track/2mb6YdoavL6db22p7XKJQZ
Say It First,Sam Smith,https://open.spotify.com/track/4K1vOdIFqskQv3zoI0FdAk
HIM,Sam Smith,https://open.spotify.com/track/3AFPGvRzeKeNJbIbLwcz4G
Nothing Left For You,Sam Smith,https://open.spotify.com/track/4S2WtfT03YDIlXEwSX4Tjd
Palace,Sam Smith,https://open.spotify.com/track/3zesxb7sOGbeSwUrzLUP0f
Scars,Sam Smith,https://open.spotify.com/track/6t4rYZeShwJai1YSs0tWOQ
The Thrill Of It All,Sam Smith,https://open.spotify.com/track/6TwcRSQgztJFw8tQDrs35D
One Day At A Time,Sam Smith,https://open.spotify.com/track/6AUuRg513AfT50d52O60fS
Nightmare,"Offset, Metro Boomin",https://open.spotify.com/track/7LAhKXDNWwq3CmnFP3UIOP
Too Good At Goodbyes - Edit,Sam Smith,https://open.spotify.com/track/0mel2N9Ws9r4yLQn5QE21Y
This Town,Niall Horan,https://open.spotify.com/track/3UwT4FadEGWyMdaSwYcUBY
Whiskey (feat. A$AP Rocky),Maroon 5,https://open.spotify.com/track/4OEOEsOhlzDqQuewiuPJAc
Flicker,Niall Horan,https://open.spotify.com/track/5lsRkYiIerlfXMMrl4zkJG
Wildflowers,Tom Petty,https://open.spotify.com/track/2Pr1nZpt8A8WP7QYpyq6L3
Intro: Serendipity,BTS,https://open.spotify.com/track/7iV733e1KacKrFRaBNxVEf
Provider,Frank Ocean,https://open.spotify.com/track/6R6ihJhRbgu7JxJKIbW57w
One More Light,Linkin Park,https://open.spotify.com/track/3xXBsjrbG1xQIm1xv1cKOt
13 Beaches,Lana Del Rey,https://open.spotify.com/track/4mq14Qa6OehdiyZFtHcdCH
Love,Lana Del Rey,https://open.spotify.com/track/4xyNG8vZR3g8FnphVkbjRo
Beautiful People Beautiful Problems (feat. Stevie Nicks),Lana Del Rey,https://open.spotify.com/track/3O7p9Itz8PXUoAjD2vmuM6
Where This Flower Blooms (feat. Frank Ocean),"Tyler, The Creator",https://open.spotify.com/track/6KuXb26rHuRy3ZDse1VRmx
Sometimes...,"Tyler, The Creator",https://open.spotify.com/track/4KgTrzmfiWNcVneh2Dd1Ou
Dancing In The Dark,Imagine Dragons,https://open.spotify.com/track/5HvtbJxOYLSACcPuhf62wT
Liability,Lorde,https://open.spotify.com/track/6Kkt27YmFyIFrcX3QXFi2o
Sober II (Melodrama),Lorde,https://open.spotify.com/track/54ucfuN596MU25jQD3KjCL
Writer In The Dark,Lorde,https://open.spotify.com/track/193Dm5SqYy3hTSbuzxbwKc
Liability (Reprise),Lorde,https://open.spotify.com/track/6lFDB0BFDRV58qaQDX85jV
Sweet Creature,Harry Styles,https://open.spotify.com/track/5kRPPEWFJIMox5qIkQkiz5
Lust for Life (with The Weeknd),Lana Del Rey,https://open.spotify.com/track/5LYQSNHZxEA880URXFHg6h
In Check,Bryson Tiller,https://open.spotify.com/track/4nBhjVklA3Mtnyzshg4KmD
Meet Me in the Hallway,Harry Styles,https://open.spotify.com/track/4u9Y4Z9i9VaAbBK7rW1Rha
From the Dining Table,Harry Styles,https://open.spotify.com/track/1IF5UcqRO42D12vYwceOY6
Supermarket Flowers,Ed Sheeran,https://open.spotify.com/track/4VuS959DSpr82t3qBqCrWG
Amar Pelos Dois,Salvador Sobral,https://open.spotify.com/track/3UjSOJ00E1eLMcayBm827Q
Sunset Lover,Petit Biscuit,https://open.spotify.com/track/0hNduWmlWmEmuwEFcYvRu1
"i hate u, i love u (feat. olivia o'brien)",gnash,https://open.spotify.com/track/7vRriwrloYVaoAe3a9wJHe
Mr. Blue Sky,Electric Light Orchestra,https://open.spotify.com/track/2RlgNHKcydI9sayD2Df2xp
Million Reasons,Lady Gaga,https://open.spotify.com/track/50PWlIBU7PlGGwzgN8TiFJ
Busted and Blue,Gorillaz,https://open.spotify.com/track/04zxGiXcmNQ0m9oDXtwo18
Hearts Don't Break Around Here,Ed Sheeran,https://open.spotify.com/track/2dfHh7ECGxfNqZTQno09Vk
Way down We Go,KALEO,https://open.spotify.com/track/0y1QJc3SJVPKJ1OvFmFqe6
Down,Marian Hill,https://open.spotify.com/track/2dqLk7ezV15LEJEwUmEbXB
4422,"Drake, Sampha",https://open.spotify.com/track/2fkeWbM6iqTw7oGHTYm2lw
Jorja Interlude,Drake,https://open.spotify.com/track/13e6f8t7RKXuxZ0JdaaJRG
Save Myself,Ed Sheeran,https://open.spotify.com/track/6TIU9Ehmi6dMzZK73Ym4yj
Since Way Back,"Drake, PARTYNEXTDOOR",https://open.spotify.com/track/5JUu0unA8VwhTZ9LkMWUVI
Low Life (feat. The Weeknd),Future,https://open.spotify.com/track/7EiZI6JVHllARrX9PUvAdX
Make Me (Cry),"Noah Cyrus, Labrinth",https://open.spotify.com/track/2BrzlUj1u1CtvaJDGIKpsP
Let It Go,James Bay,https://open.spotify.com/track/13HVjjWUZFaWilh2QUJKsP
"Helium - From ""Fifty Shades Darker (Origil Motion Picture Soundtrack)""",Sia,https://open.spotify.com/track/5fc6rQgAKiLutfUYWQ6QnJ
"I See Fire - From ""The Hobbit - The Desolation Of Smaug""",Ed Sheeran,https://open.spotify.com/track/3B7udSGy2PfgoCniMSb523
Tenerife Sea,Ed Sheeran,https://open.spotify.com/track/6vSwxzO2Qf4BinHSXRwZJe
The A Team,Ed Sheeran,https://open.spotify.com/track/1VdZ0vKfR5jneCmWIUAMxK
"City Of Stars - From ""La La Land"" Soundtrack","Ryan Gosling, Emma Stone",https://open.spotify.com/track/0LtVx5vsq9nfpGsWgjUin6
Losin Control,Russ,https://open.spotify.com/track/4cxMGhkinTocPSVVKWIw0d
"Audition (The Fools Who Dream) - From ""La La Land"" Soundtrack",Emma Stone,https://open.spotify.com/track/2lDWYLNnfYyXngjz4plpy2
"City Of Stars - From ""La La Land"" Soundtrack/Pier",Ryan Gosling,https://open.spotify.com/track/7jltqRIyxLXBDNZ1QlmnBp
"Mia & Sebastian's Theme - From ""La La Land"" Soundtrack",Justin Hurwitz,https://open.spotify.com/track/1R17cgUv6HeQFa78dzqb7s
Dancing On My Own,Calum Scott,https://open.spotify.com/track/02WacdrRpm4zlP8H7X6bnQ
Same Drugs,Chance the Rapper,https://open.spotify.com/track/6m9qPYXmhge2QhBLfFKnVF
Juke Jam (feat. Justin Bieber & Towkio),Chance the Rapper,https://open.spotify.com/track/3eze1OsZ1rqeXkKStNfTmi
Skinny Love,Bon Iver,https://open.spotify.com/track/3ZMv9EzGoteNi5Qnx0KpEO
Stay - Album Version (Edited),"Rihanna, Mikky Ekko",https://open.spotify.com/track/4zzzZ1UNfr75ASG1lUE9L1
Light,"Big Sean, Jeremih",https://open.spotify.com/track/0URaKGzNTtzKRtsJN1RkA9
Intro,Big Sean,https://open.spotify.com/track/35k5ePiDMMdacA7jIF9RFY
Changing,John Mayer,https://open.spotify.com/track/6eIygPhGcBFKKcxlGTJlY0
You're Gon Live Forever in Me,John Mayer,https://open.spotify.com/track/51lPx6ZCSalL2kvSrDUyJc
A Violent Noise,The xx,https://open.spotify.com/track/661bbtA19xopO3lH0J4Qvr
I Dare You,The xx,https://open.spotify.com/track/044qU7kwVZaDwzWnRsmVVL
Lips,The xx,https://open.spotify.com/track/1onfcprzpSGh2LqrBh17AA
Performance,The xx,https://open.spotify.com/track/5UCsGZSezdlGA1bY3QMgXG
Replica,The xx,https://open.spotify.com/track/4O4xuKdvJvl7HpFlYGwudS
Brave For You,The xx,https://open.spotify.com/track/53e5O0USYgSCv4md0CXpMY
Test Me,The xx,https://open.spotify.com/track/3qLwtC9jEWugjkzyZlYgeg
Give Me Love,Ed Sheeran,https://open.spotify.com/track/0SuG9kyzGRpDqrCWtgD6Lq
Kiss Me,Ed Sheeran,https://open.spotify.com/track/0Tel1fmuCxEFV6wBLXsEdk
Rooting For You,London Grammar,https://open.spotify.com/track/7DWTHqTJdzRzWe1bTPYDAd
Change,J. Cole,https://open.spotify.com/track/3pjUyVbFmM96tYhSaKJwTt
